year,lencat,majgear,R_REV,trev,prev,pshannonrev,pHHIrev,Shannonrev,eShannonrev,HHIrev,fleet_count
1996,30 to < 50,Clam Dredge,1238409.790533066,622319872,.0019899891,.012376988,.039600566,2.1990237,9.0162067,1620.2534,36
1996,75 and above,Hand,59998.09127473831,622319872,.000096410375,.00089149678,.000092949602,2.1990237,9.0162067,1620.2534,36
1996,30 to < 50,Bottom Trawl,31733973.25425974,622319872,.050993025,.15175863,26.002886,2.1990237,9.0162067,1620.2534,36
1996,30 to < 50,Other Dredge,218183.5443350673,622319872,.00035059711,.002789306,.0012291834,2.1990237,9.0162067,1620.2534,36
1996,Less than 30',Longline,495371.9891841412,622319872,.00079600862,.0056802384,.0063362974,2.1990237,9.0162067,1620.2534,36
1996,Less than 30',OTH,243180.9880154133,622319872,.00039076526,.0030664927,.0015269748,2.1990237,9.0162067,1620.2534,36
1996,50 to < 75',Hand,10776.1919567585,622319872,.000017316162,.00018985216,2.9984949e-06,2.1990237,9.0162067,1620.2534,36
1996,30 to < 50,OTH,1481400.5124816,622319872,.0023804486,.01437902,.056665357,2.1990237,9.0162067,1620.2534,36
1996,Less than 30',Pot,2186302.39062503,622319872,.003513149,.019853657,.12342216,2.1990237,9.0162067,1620.2534,36
1996,30 to < 50,Longline,6410013.242496461,622319872,.01030019,.047129478,1.0609392,2.1990237,9.0162067,1620.2534,36
1996,30 to < 50,Gillnet,40633899.57704486,622319872,.065294236,.17817828,42.633373,2.1990237,9.0162067,1620.2534,36
1996,Less than 30',Clam Dredge,547497.5675716996,622319872,.00087976875,.0061899223,.0077399304,2.1990237,9.0162067,1620.2534,36
1996,30 to < 50,Scallop Dredge,4330368.097087175,622319872,.0069584283,.03456809,.48419726,2.1990237,9.0162067,1620.2534,36
1996,Less than 30',Hand,2579748.883455604,622319872,.0041453745,.022740539,.17184129,2.1990237,9.0162067,1620.2534,36
1996,50 to < 75',Clam Dredge,1129612.602063417,622319872,.001815164,.011456552,.032948203,2.1990237,9.0162067,1620.2534,36
1996,30 to < 50,Hand,7920465.012989499,622319872,.012727321,.055542085,1.6198471,2.1990237,9.0162067,1620.2534,36
1996,75 and above,Other Dredge,26724.34834742546,622319872,.000042943106,.00043182017,.000018441104,2.1990237,9.0162067,1620.2534,36
1996,50 to < 75',OTH,4181251.979075983,622319872,.0067188148,.033613179,.45142472,2.1990237,9.0162067,1620.2534,36
1996,Less than 30',Gillnet,403469.6548332572,622319872,.00064833165,.0047594728,.0042033391,2.1990237,9.0162067,1620.2534,36
1996,75 and above,Bottom Trawl,117767756.9954248,622319872,.1892399,.31503519,358.1174,2.1990237,9.0162067,1620.2534,36
1996,50 to < 75',Scallop Dredge,17180822.27912581,622319872,.027607704,.099102281,7.6218529,2.1990237,9.0162067,1620.2534,36
1996,Less than 30',Scallop Dredge,45118.83935546875,622319872,.00007250104,.00069107336,.000052564006,2.1990237,9.0162067,1620.2534,36
1996,75 and above,Longline,2446498.132282019,622319872,.0039312551,.021774422,.15454766,2.1990237,9.0162067,1620.2534,36
1996,75 and above,Gillnet,254626.7551431656,622319872,.00040915736,.0031920047,.0016740975,2.1990237,9.0162067,1620.2534,36
1996,50 to < 75',Bottom Trawl,146388970.6607794,622319872,.23523107,.34042335,553.33655,2.1990237,9.0162067,1620.2534,36
1996,50 to < 75',Gillnet,9182280.662573785,622319872,.014754921,.062209383,2.1770771,2.1990237,9.0162067,1620.2534,36
1996,50 to < 75',Midwater Trawl,766861.9716000557,622319872,.0012322634,.0082548121,.015184731,2.1990237,9.0162067,1620.2534,36
1996,75 and above,Pot,14329034.92900777,622319872,.023025192,.08683183,5.3015947,2.1990237,9.0162067,1620.2534,36
1996,75 and above,Scallop Dredge,148715636.4948563,622319872,.23896977,.34206569,571.06555,2.1990237,9.0162067,1620.2534,36
1996,75 and above,Midwater Trawl,1499321.745815217,622319872,.0024092461,.014523999,.058044665,2.1990237,9.0162067,1620.2534,36
1996,50 to < 75',Longline,3969504.561755776,622319872,.0063785599,.032242429,.40686026,2.1990237,9.0162067,1620.2534,36
1996,75 and above,Clam Dredge,693441.0166320801,622319872,.0011142839,.0075766216,.012416286,2.1990237,9.0162067,1620.2534,36
1996,50 to < 75',Pot,9346851.763217509,622319872,.015019369,.063057542,2.2558146,2.1990237,9.0162067,1620.2534,36
1996,30 to < 50,Pot,42661165.35670508,622319872,.068551831,.18373023,46.993534,2.1990237,9.0162067,1620.2534,36
1996,Less than 30',Bottom Trawl,46044.73754346371,622319872,.000073988856,.0007037521,.000054743508,2.1990237,9.0162067,1620.2534,36
1996,75 and above,OTH,1195289.834339142,622319872,.0019207001,.012014105,.036890887,2.1990237,9.0162067,1620.2534,36
1997,75 and above,Pot,5536331.525701702,546016832,.010139489,.046553615,1.0280923,2.162945,8.6967125,1659.5751,34
1997,50 to < 75',Gillnet,7586521.420454726,546016832,.0138943,.059415869,1.9305158,2.162945,8.6967125,1659.5751,34
1997,75 and above,Gillnet,179791.7494338751,546016832,.00032927876,.0026403565,.001084245,2.162945,8.6967125,1659.5751,34
1997,Less than 30',Longline,428512.5391503572,546016832,.0007847973,.0056113675,.0061590681,2.162945,8.6967125,1659.5751,34
1997,30 to < 50,Gillnet,35502196.06562421,546016832,.06502033,.17770416,42.276432,2.162945,8.6967125,1659.5751,34
1997,50 to < 75',Pot,6865182.889170468,546016832,.012573208,.055022709,1.5808555,2.162945,8.6967125,1659.5751,34
1997,75 and above,Hand,48973.36398899555,546016832,.000089692039,.00083585165,.000080446618,2.162945,8.6967125,1659.5751,34
1997,30 to < 50,Scallop Dredge,4672471.247710466,546016832,.0085573755,.040741336,.73228675,2.162945,8.6967125,1659.5751,34
1997,75 and above,OTH,2161251.249455988,546016832,.0039582136,.021896688,.15667455,2.162945,8.6967125,1659.5751,34
1997,Less than 30',Pot,1591768.556723714,546016832,.0029152371,.017018583,.084986076,2.162945,8.6967125,1659.5751,34
1997,50 to < 75',Hand,891.7608753442764,546016832,1.6332114e-06,.00002176248,2.6673794e-08,2.162945,8.6967125,1659.5751,34
1997,30 to < 50,Purse Seine,127931.506526947,546016832,.00023429957,.001958489,.00054896291,2.162945,8.6967125,1659.5751,34
1997,50 to < 75',Bottom Trawl,126726312.0064272,546016832,.23209232,.33899871,538.66846,2.162945,8.6967125,1659.5751,34
1997,75 and above,Scallop Dredge,129688137.4557254,546016832,.23751675,.34143439,564.14203,2.162945,8.6967125,1659.5751,34
1997,50 to < 75',Clam Dredge,115262.9454336166,546016832,.00021109779,.0017865605,.00044562278,2.162945,8.6967125,1659.5751,34
1997,Less than 30',Hand,1358087.936224855,546016832,.0024872639,.014915057,.061864816,2.162945,8.6967125,1659.5751,34
1997,75 and above,Purse Seine,4703002.785998583,546016832,.0086132931,.040951461,.74188817,2.162945,8.6967125,1659.5751,34
1997,30 to < 50,Longline,5671990.807419717,546016832,.010387941,.047442868,1.0790932,2.162945,8.6967125,1659.5751,34
1997,30 to < 50,Hand,3352009.81224169,546016832,.0061390228,.031266592,.376876,2.162945,8.6967125,1659.5751,34
1997,30 to < 50,Other Dredge,377521.8403922915,546016832,.00069141062,.0050312406,.0047804862,2.162945,8.6967125,1659.5751,34
1997,75 and above,Longline,3656326.657515883,546016832,.0066963625,.033523269,.44841272,2.162945,8.6967125,1659.5751,34
1997,75 and above,Midwater Trawl,775096.5028535128,546016832,.0014195469,.0093085617,.020151135,2.162945,8.6967125,1659.5751,34
1997,50 to < 75',Midwater Trawl,389410.1485089958,546016832,.00071318343,.0051675644,.005086306,2.162945,8.6967125,1659.5751,34
1997,50 to < 75',Scallop Dredge,18420557.47670239,546016832,.033736244,.11433829,11.381342,2.162945,8.6967125,1659.5751,34
1997,30 to < 50,Bottom Trawl,27584507.07107417,546016832,.050519519,.15082075,25.522217,2.162945,8.6967125,1659.5751,34
1997,30 to < 50,OTH,1725378.0268673,546016832,.0031599356,.018192392,.099851929,2.162945,8.6967125,1659.5751,34
1997,Less than 30',OTH,1306.081095695496,546016832,2.3920161e-06,.00003096076,5.7217409e-08,2.162945,8.6967125,1659.5751,34
1997,50 to < 75',Longline,1585760.979892969,546016832,.0029042347,.016965335,.084345788,2.162945,8.6967125,1659.5751,34
1997,Less than 30',Gillnet,260685.9388937056,546016832,.00047743207,.0036509654,.0022794139,2.162945,8.6967125,1659.5751,34
1997,50 to < 75',OTH,7210555.610836178,546016832,.013205739,.0571426,1.7439153,2.162945,8.6967125,1659.5751,34
1997,Less than 30',Scallop Dredge,26686.54385566711,546016832,.000048874947,.00048514473,.000023887604,2.162945,8.6967125,1659.5751,34
1997,75 and above,Bottom Trawl,112774568.8402113,546016832,.20654047,.32576779,426.58963,2.162945,8.6967125,1659.5751,34
1997,Less than 30',Bottom Trawl,33099.89465332031,546016832,.000060620649,.00058867951,.000036748632,2.162945,8.6967125,1659.5751,34
1997,30 to < 50,Pot,34878723.72399062,546016832,.063878477,.17571518,40.804596,2.162945,8.6967125,1659.5751,34
1998,50 to < 75',Gillnet,8261607.127207041,516249024,.016003143,.066172518,2.5610058,2.1931791,8.9636641,1628.5479,37
1998,75 and above,Gillnet,1226390.430989854,516249024,.0023755792,.01435447,.056433767,2.1931791,8.9636641,1628.5479,37
1998,30 to < 50,Bottom Trawl,25845924.07113807,516249024,.050064839,.14991598,25.064882,2.1931791,8.9636641,1628.5479,37
1998,75 and above,Hand,40070.31065611541,516249024,.000077618184,.00073455588,.000060245824,2.1931791,8.9636641,1628.5479,37
1998,Less than 30',Hand,1819903.461076301,516249024,.0035252434,.01990989,.12427341,2.1931791,8.9636641,1628.5479,37
1998,50 to < 75',Purse Seine,666756.8254394531,516249024,.001291541,.0085912263,.016680783,2.1931791,8.9636641,1628.5479,37
1998,30 to < 50,OTH,952583.5366905928,516249024,.0018452016,.011615852,.034047689,2.1931791,8.9636641,1628.5479,37
1998,30 to < 50,Pot,31045534.31164948,516249024,.060136743,.16905245,36.16428,2.1931791,8.9636641,1628.5479,37
1998,30 to < 50,Longline,7474243.602602318,516249024,.014477981,.06131608,2.0961194,2.1931791,8.9636641,1628.5479,37
1998,30 to < 50,Scallop Dredge,3104186.733219743,516249024,.0060129641,.030749321,.36155736,2.1931791,8.9636641,1628.5479,37
1998,75 and above,Midwater Trawl,3722026.463728905,516249024,.0072097499,.035560802,.51980495,2.1931791,8.9636641,1628.5479,37
1998,30 to < 50,Clam Dredge,305904.5488891602,516249024,.0005925523,.0044032983,.0035111823,2.1931791,8.9636641,1628.5479,37
1998,30 to < 50,Purse Seine,59768.11869812012,516249024,.00011577382,.0010493591,.00013403576,2.1931791,8.9636641,1628.5479,37
1998,50 to < 75',Longline,5087545.531713963,516249024,.009854828,.045527272,.97117633,2.1931791,8.9636641,1628.5479,37
1998,30 to < 50,Gillnet,41929153.98407737,516249024,.081218854,.2039087,65.965019,2.1931791,8.9636641,1628.5479,37
1998,50 to < 75',Other Dredge,75086.45640850067,516249024,.00014544619,.0012851196,.00021154594,2.1931791,8.9636641,1628.5479,37
1998,75 and above,Purse Seine,1355988.926607609,516249024,.0026266179,.015607516,.068991214,2.1931791,8.9636641,1628.5479,37
1998,30 to < 50,Hand,3579169.330207825,516249024,.0069330288,.034467265,.48066887,2.1931791,8.9636641,1628.5479,37
1998,50 to < 75',Hand,2517.694321632385,516249024,4.8768989e-06,.000059649356,2.3784142e-07,2.1931791,8.9636641,1628.5479,37
1998,75 and above,Bottom Trawl,113017327.756062,516249024,.21892017,.33255029,479.26041,2.1931791,8.9636641,1628.5479,37
1998,50 to < 75',Pot,6397445.520693034,516249024,.01239217,.054410182,1.5356587,2.1931791,8.9636641,1628.5479,37
1998,Less than 30',Gillnet,122898.981541276,516249024,.00023806143,.0019861422,.00056673243,2.1931791,8.9636641,1628.5479,37
1998,50 to < 75',OTH,2487722.095208883,516249024,.0048188413,.025709588,.23221232,2.1931791,8.9636641,1628.5479,37
1998,50 to < 75',Bottom Trawl,124141705.674224,516249024,.24046865,.34270763,578.25171,2.1931791,8.9636641,1628.5479,37
1998,Less than 30',Bottom Trawl,21900.8083562851,516249024,.000042422955,.00042710672,.00001799707,2.1931791,8.9636641,1628.5479,37
1998,Less than 30',Pot,1411398.723321885,516249024,.0027339493,.016135791,.074744791,2.1931791,8.9636641,1628.5479,37
1998,75 and above,Scallop Dredge,106659933.50152,516249024,.20660558,.32580537,426.85867,2.1931791,8.9636641,1628.5479,37
1998,50 to < 75',Scallop Dredge,12892279.67063463,516249024,.024972986,.092149332,6.2365007,2.1931791,8.9636641,1628.5479,37
1998,75 and above,Pot,5090925.833747089,516249024,.0098613761,.045550972,.97246742,2.1931791,8.9636641,1628.5479,37
1998,Less than 30',Longline,578924.6210246086,516249024,.0011214057,.0076179025,.012575508,2.1931791,8.9636641,1628.5479,37
1998,50 to < 75',Clam Dredge,14378.63903808594,516249024,.000027852138,.00029212996,7.7574159e-06,2.1931791,8.9636641,1628.5479,37
1998,75 and above,OTH,2195531.764798321,516249024,.0042528543,.023221286,.1808677,2.1931791,8.9636641,1628.5479,37
1998,75 and above,Longline,3299913.668873206,516249024,.0063920966,.032297302,.40858901,2.1931791,8.9636641,1628.5479,37
1998,75 and above,Clam Dredge,23943.05326843262,516249024,.000046378882,.00046279939,.000021510006,2.1931791,8.9636641,1628.5479,37
1998,30 to < 50,Other Dredge,375189.1779902577,516249024,.00072676007,.0052522328,.0052818023,2.1931791,8.9636641,1628.5479,37
1998,50 to < 75',Midwater Trawl,869147.0200277567,516249024,.0016835809,.010752749,.028344447,2.1931791,8.9636641,1628.5479,37
1998,Less than 30',OTH,94080.35984480381,516249024,.00018223833,.0015691076,.00033210812,2.1931791,8.9636641,1628.5479,37
1999,30 to < 50,Hand,4695970.278693616,587500544,.0079931337,.038600221,.63890189,2.0759583,7.9721823,1792.1907,35
1999,30 to < 50,Longline,8005107.573473692,587500544,.013625703,.058533259,1.8565978,2.0759583,7.9721823,1792.1907,35
1999,30 to < 50,OTH,1223904.719988048,587500544,.0020832401,.012861572,.043398891,2.0759583,7.9721823,1792.1907,35
1999,30 to < 50,Other Dredge,225768.7323266566,587500544,.00038428686,.0030220784,.0014767639,2.0759583,7.9721823,1792.1907,35
1999,Less than 30',Pot,372520.001081109,587500544,.00063407602,.0046689184,.0040205237,2.0759583,7.9721823,1792.1907,35
1999,75 and above,Bottom Trawl,114986493.0742412,587500544,.19572151,.31923401,383.06909,2.0759583,7.9721823,1792.1907,35
1999,50 to < 75',Bottom Trawl,126937308.5444696,587500544,.21606331,.3310487,466.83353,2.0759583,7.9721823,1792.1907,35
1999,Less than 30',Clam Dredge,26459.96018505096,587500544,.000045038189,.00045074217,.000020284384,2.0759583,7.9721823,1792.1907,35
1999,Less than 30',Hand,1490688.052212864,587500544,.002537339,.01516476,.064380892,2.0759583,7.9721823,1792.1907,35
1999,50 to < 75',Purse Seine,438947.2287597656,587500544,.00074714352,.0053788754,.0055822344,2.0759583,7.9721823,1792.1907,35
1999,75 and above,Gillnet,1534149.760053158,587500544,.0026113163,.01553185,.068189725,2.0759583,7.9721823,1792.1907,35
1999,50 to < 75',Other Dredge,744408.1239326596,587500544,.0012670765,.0084527219,.016054828,2.0759583,7.9721823,1792.1907,35
1999,50 to < 75',Longline,2930259.163470984,587500544,.0049876706,.026438575,.24876858,2.0759583,7.9721823,1792.1907,35
1999,50 to < 75',Pot,5540768.350277185,587500544,.0094310865,.043984171,.88945395,2.0759583,7.9721823,1792.1907,35
1999,Less than 30',OTH,82557.50279045105,587500544,.00014052328,.0012464607,.00019746792,2.0759583,7.9721823,1792.1907,35
1999,50 to < 75',Gillnet,8707952.423388772,587500544,.014822033,.062425073,2.1969266,2.0759583,7.9721823,1792.1907,35
1999,75 and above,Hand,181167.9915544987,587500544,.00030837077,.0024929333,.00095092534,2.0759583,7.9721823,1792.1907,35
1999,50 to < 75',Scallop Dredge,23387290.03117752,587500544,.039808117,.1283288,15.846862,2.0759583,7.9721823,1792.1907,35
1999,30 to < 50,Purse Seine,421741.8626613617,587500544,.00071785785,.0051967446,.0051531992,2.0759583,7.9721823,1792.1907,35
1999,75 and above,Midwater Trawl,636721.305832386,587500544,.00108378,.0073992913,.01174579,2.0759583,7.9721823,1792.1907,35
1999,75 and above,OTH,594901.0355656445,587500544,.0010125965,.0069820937,.010253517,2.0759583,7.9721823,1792.1907,35
1999,30 to < 50,Pot,37250084.96989012,587500544,.063404344,.17488332,40.201107,2.0759583,7.9721823,1792.1907,35
1999,30 to < 50,Bottom Trawl,19996370.52014149,587500544,.034036342,.11505394,11.584725,2.0759583,7.9721823,1792.1907,35
1999,50 to < 75',OTH,2577957.488422245,587500544,.0043880087,.023821972,.1925462,2.0759583,7.9721823,1792.1907,35
1999,30 to < 50,Midwater Trawl,79001.04366493225,587500544,.00013446974,.0011986863,.00018082111,2.0759583,7.9721823,1792.1907,35
1999,75 and above,Longline,2057626.886425853,587500544,.0035023403,.019803366,.12266388,2.0759583,7.9721823,1792.1907,35
1999,50 to < 75',Clam Dredge,138.1651725769043,587500544,2.3517454e-07,3.5894543e-06,5.5307064e-10,2.0759583,7.9721823,1792.1907,35
1999,Less than 30',Longline,779467.390488565,587500544,.0013267518,.0087897591,.017602703,2.0759583,7.9721823,1792.1907,35
1999,Less than 30',Gillnet,84910.83032763004,587500544,.00014452894,.0012779293,.00020888614,2.0759583,7.9721823,1792.1907,35
1999,75 and above,Purse Seine,1010190.695781708,587500544,.0017194719,.010945708,.029565835,2.0759583,7.9721823,1792.1907,35
1999,75 and above,Clam Dredge,4393.695404052734,587500544,7.4786235e-06,.000088273649,5.5929809e-07,2.0759583,7.9721823,1792.1907,35
1999,75 and above,Pot,6844775.90219605,587500544,.011650671,.051873349,1.3573815,2.0759583,7.9721823,1792.1907,35
1999,30 to < 50,Gillnet,44995485.54111135,587500544,.07658799,.19677867,58.657204,2.0759583,7.9721823,1792.1907,35
1999,30 to < 50,Scallop Dredge,1641806.868833542,587500544,.0027945624,.01643225,.078095786,2.0759583,7.9721823,1792.1907,35
1999,75 and above,Scallop Dredge,167013269.3787809,587500544,.28427765,.35756552,808.13782,2.0759583,7.9721823,1792.1907,35
2000,30 to < 50,Longline,4940465.505442083,636958144,.0077563426,.037689965,.60160851,2.0339973,7.6445832,1904.8994,34
2000,50 to < 75',OTH,2417483.736775219,636958144,.0037953572,.021155233,.14404736,2.0339973,7.6445832,1904.8994,34
2000,75 and above,Bottom Trawl,104881652.1027625,636958144,.1646602,.2970258,271.12982,2.0339973,7.6445832,1904.8994,34
2000,30 to < 50,OTH,794781.5062610507,636958144,.0012477767,.0083431238,.015569466,2.0339973,7.6445832,1904.8994,34
2000,Less than 30',Gillnet,328650.641068697,636958144,.000515969,.0039056088,.0026622401,2.0339973,7.6445832,1904.8994,34
2000,75 and above,Hand,35204.99372921884,636958144,.000055270499,.00054183172,.000030548279,2.0339973,7.6445832,1904.8994,34
2000,Less than 30',Pot,292859.7933503985,636958144,.0004597787,.0035332914,.0021139646,2.0339973,7.6445832,1904.8994,34
2000,30 to < 50,Scallop Dredge,2071511.170769691,636958144,.0032521936,.01862995,.10576763,2.0339973,7.6445832,1904.8994,34
2000,50 to < 75',Pot,5294625.859333843,636958144,.0083123604,.039816305,.69095337,2.0339973,7.6445832,1904.8994,34
2000,50 to < 75',Scallop Dredge,34441436.02688348,636958144,.054071743,.15775126,29.237534,2.0339973,7.6445832,1904.8994,34
2000,30 to < 50,Clam Dredge,100379.2770996094,636958144,.00015759164,.0013797941,.00024835125,2.0339973,7.6445832,1904.8994,34
2000,50 to < 75',Longline,2203604.114616275,636958144,.0034595744,.019604057,.11968655,2.0339973,7.6445832,1904.8994,34
2000,75 and above,Longline,2136247.87425828,636958144,.0033538276,.019108946,.1124816,2.0339973,7.6445832,1904.8994,34
2000,50 to < 75',Clam Dredge,2439.520346641541,636958144,3.8299540e-06,.000047769707,1.4668548e-07,2.0339973,7.6445832,1904.8994,34
2000,Less than 30',Clam Dredge,112504.473285675,636958144,.00017662773,.0015263226,.00031197353,2.0339973,7.6445832,1904.8994,34
2000,30 to < 50,Hand,4335989.960368454,636958144,.0068073389,.033966947,.46339864,2.0339973,7.6445832,1904.8994,34
2000,Less than 30',Hand,1573540.938673496,636958144,.0024703993,.014830735,.061028726,2.0339973,7.6445832,1904.8994,34
2000,75 and above,Gillnet,2372716.620333076,636958144,.0037250747,.020833107,.13876182,2.0339973,7.6445832,1904.8994,34
2000,75 and above,Midwater Trawl,883856.4889526367,636958144,.001387621,.009130775,.019254921,2.0339973,7.6445832,1904.8994,34
2000,75 and above,OTH,3071410.772142291,636958144,.0048219976,.025723269,.2325166,2.0339973,7.6445832,1904.8994,34
2000,30 to < 50,Bottom Trawl,24973321.08919635,636958144,.03920716,.1269879,15.372014,2.0339973,7.6445832,1904.8994,34
2000,75 and above,Pot,4451025.645795971,636958144,.0069879405,.034685127,.48831314,2.0339973,7.6445832,1904.8994,34
2000,50 to < 75',Gillnet,11246825.80429259,636958144,.017657088,.071274921,3.1177275,2.0339973,7.6445832,1904.8994,34
2000,75 and above,Clam Dredge,15476.49768066406,636958144,.000024297511,.00025816436,5.9036906e-06,2.0339973,7.6445832,1904.8994,34
2000,Less than 30',OTH,160317.1335248947,636958144,.00025169179,.0020858466,.00063348754,2.0339973,7.6445832,1904.8994,34
2000,75 and above,Purse Seine,1437964.651887894,636958144,.0022575497,.013756323,.050965305,2.0339973,7.6445832,1904.8994,34
2000,30 to < 50,Pot,33211142.19772402,636958144,.052140228,.15401277,27.186035,2.0339973,7.6445832,1904.8994,34
2000,Less than 30',Longline,563208.3673633337,636958144,.00088421564,.0062167519,.0078183729,2.0339973,7.6445832,1904.8994,34
2000,30 to < 50,Gillnet,47185210.00381081,636958144,.074078977,.19279969,54.876949,2.0339973,7.6445832,1904.8994,34
2000,50 to < 75',Hand,1386.048233032227,636958144,2.1760429e-06,.000028371252,4.7351627e-08,2.0339973,7.6445832,1904.8994,34
2000,75 and above,Scallop Dredge,207411757.9033642,636958144,.32562855,.36535457,1060.3395,2.0339973,7.6445832,1904.8994,34
2000,30 to < 50,Other Dredge,259385.5555638075,636958144,.00040722542,.0031788601,.0016583254,2.0339973,7.6445832,1904.8994,34
2000,50 to < 75',Bottom Trawl,133667128.1072612,636958144,.20985229,.32765317,440.37985,2.0339973,7.6445832,1904.8994,34
2000,Less than 30',Bottom Trawl,82603.80423212051,636958144,.00012968482,.0011607314,.00016818152,2.0339973,7.6445832,1904.8994,34
2001,50 to < 75',Bottom Trawl,130375095.7080063,665150528,.19600841,.31941485,384.19299,2.0311174,7.6225996,1901.2292,32
2001,Less than 30',Scallop Dredge,334.502685546875,665150528,5.0289771e-07,7.2934645e-06,2.5290610e-09,2.0311174,7.6225996,1901.2292,32
2001,75 and above,OTH,465339.1821889877,665150528,.0006995998,.0050825942,.0048943986,2.0311174,7.6225996,1901.2292,32
2001,30 to < 50,Scallop Dredge,4450232.47153528,665150528,.0066905646,.033500038,.44763654,2.0311174,7.6225996,1901.2292,32
2001,Less than 30',OTH,71035.6494140625,665150528,.00010679635,.00097660848,.00011405461,2.0311174,7.6225996,1901.2292,32
2001,30 to < 50,Gillnet,45707758.50933796,665150528,.068717919,.18400909,47.221523,2.0311174,7.6225996,1901.2292,32
2001,30 to < 50,Pot,31107188.26178652,665150528,.046767142,.14322785,21.871655,2.0311174,7.6225996,1901.2292,32
2001,30 to < 50,OTH,1305245.569633365,665150528,.0019623311,.012232431,.038507435,2.0311174,7.6225996,1901.2292,32
2001,50 to < 75',Scallop Dredge,48876769.62273002,665150528,.073482268,.19184098,53.996437,2.0311174,7.6225996,1901.2292,32
2001,75 and above,Pot,7988960.274080932,665150528,.012010755,.053110991,1.4425824,2.0311174,7.6225996,1901.2292,32
2001,50 to < 75',Clam Dredge,326007.3879225254,665150528,.00049012573,.003735174,.0024022323,2.0311174,7.6225996,1901.2292,32
2001,30 to < 50,Hand,7142206.694470435,665150528,.01073773,.04868478,1.1529886,2.0311174,7.6225996,1901.2292,32
2001,50 to < 75',Purse Seine,914502.5312949419,665150528,.0013748806,.009059622,.018902965,2.0311174,7.6225996,1901.2292,32
2001,75 and above,Hand,47345.52553230524,665150528,.000071180169,.00067979173,.000050666164,2.0311174,7.6225996,1901.2292,32
2001,50 to < 75',Pot,5220875.916449681,665150528,.0078491643,.038047634,.61609381,2.0311174,7.6225996,1901.2292,32
2001,Less than 30',Longline,411352.4540872574,665150528,.00061843515,.0045691957,.0038246203,2.0311174,7.6225996,1901.2292,32
2001,30 to < 50,Longline,5787476.833754003,665150528,.0087010032,.041280318,.75707453,2.0311174,7.6225996,1901.2292,32
2001,Less than 30',Bottom Trawl,49154.55430597067,665150528,.000073899893,.00070299482,.000054611941,2.0311174,7.6225996,1901.2292,32
2001,Less than 30',Hand,1883043.975170337,665150528,.0028310043,.016609853,.080145858,2.0311174,7.6225996,1901.2292,32
2001,75 and above,Longline,2433442.896412373,665150528,.0036584844,.020526681,.13384509,2.0311174,7.6225996,1901.2292,32
2001,75 and above,Gillnet,8701.925799429417,665150528,.000013082641,.00014710415,1.7115550e-06,2.0311174,7.6225996,1901.2292,32
2001,75 and above,Clam Dredge,143277.4792404175,665150528,.00021540609,.0018186705,.00046399786,2.0311174,7.6225996,1901.2292,32
2001,30 to < 50,Other Dredge,60739.73762321472,665150528,.000091317284,.00084935763,.000083388462,2.0311174,7.6225996,1901.2292,32
2001,75 and above,Scallop Dredge,222129342.6970524,665150528,.3339535,.36626467,1115.2494,2.0311174,7.6225996,1901.2292,32
2001,50 to < 75',Longline,325359.3451194763,665150528,.00048915145,.0037287225,.0023926916,2.0311174,7.6225996,1901.2292,32
2001,50 to < 75',Gillnet,9926169.540862322,665150528,.014923193,.062749617,2.2270167,2.0311174,7.6225996,1901.2292,32
2001,75 and above,Bottom Trawl,106413431.4281069,665150528,.15998398,.29319969,255.94873,2.0311174,7.6225996,1901.2292,32
2001,Less than 30',Gillnet,360406.9931486547,665150528,.00054184278,.0040749474,.002935936,2.0311174,7.6225996,1901.2292,32
2001,30 to < 50,Bottom Trawl,26241283.36892912,665150528,.039451648,.12753454,15.564325,2.0311174,7.6225996,1901.2292,32
2001,Less than 30',Pot,506326.0239373147,665150528,.00076122023,.0054660086,.0057945624,2.0311174,7.6225996,1901.2292,32
2001,50 to < 75',OTH,1565812.532234728,665150528,.0023540724,.014245925,.055416569,2.0311174,7.6225996,1901.2292,32
2001,75 and above,Purse Seine,2906307.39858532,665150528,.0043693981,.023739507,.1909164,2.0311174,7.6225996,1901.2292,32
2002,50 to < 75',Longline,1596928.577832222,686556352,.0023259979,.014103935,.054102663,1.9936273,7.3421178,2024.4055,33
2002,30 to < 50,Other Dredge,113376.4097709656,686556352,.00016513781,.0014381406,.00027270496,1.9936273,7.3421178,2024.4055,33
2002,50 to < 75',Gillnet,7111598.833637923,686556352,.010358362,.047337309,1.0729566,1.9936273,7.3421178,2024.4055,33
2002,75 and above,Bottom Trawl,101368788.3216149,686556352,.14764817,.28243959,217.99982,1.9936273,7.3421178,2024.4055,33
2002,30 to < 50,Gillnet,46219572.24366663,686556352,.067320868,.18165089,45.320992,1.9936273,7.3421178,2024.4055,33
2002,Less than 30',Longline,355019.9454884529,686556352,.00051710242,.0039130533,.0026739491,1.9936273,7.3421178,2024.4055,33
2002,30 to < 50,Hand,5199533.719966136,686556352,.0075733531,.036981586,.57355678,1.9936273,7.3421178,2024.4055,33
2002,Less than 30',OTH,88291.71002244949,686556352,.00012860082,.0011521087,.0001653817,1.9936273,7.3421178,2024.4055,33
2002,75 and above,Clam Dredge,128235.661529541,686556352,.00018678098,.0016036219,.00034887134,1.9936273,7.3421178,2024.4055,33
2002,30 to < 50,OTH,690331.1014722884,686556352,.0010054981,.0069402219,.010110265,1.9936273,7.3421178,2024.4055,33
2002,Less than 30',Bottom Trawl,93645.75501322746,686556352,.00013639922,.0012139428,.00018604747,1.9936273,7.3421178,2024.4055,33
2002,30 to < 50,Scallop Dredge,5910230.741448402,686556352,.0086085154,.04093352,.74106538,1.9936273,7.3421178,2024.4055,33
2002,50 to < 75',Pot,3971035.438901603,686556352,.0057839905,.029802945,.33454546,1.9936273,7.3421178,2024.4055,33
2002,50 to < 75',OTH,1723436.259258419,686556352,.002510262,.015029863,.06301415,1.9936273,7.3421178,2024.4055,33
2002,50 to < 75',Scallop Dredge,56389410.89877743,686556352,.082133695,.20528553,67.459442,1.9936273,7.3421178,2024.4055,33
2002,50 to < 75',Purse Seine,1003669.410720587,686556352,.0014618894,.0095432512,.021371204,1.9936273,7.3421178,2024.4055,33
2002,30 to < 50,Longline,4328231.401599467,686556352,.0063042622,.031940728,.39743721,1.9936273,7.3421178,2024.4055,33
2002,Less than 30',Pot,494233.0190582871,686556352,.00071987248,.0052093114,.0051821638,1.9936273,7.3421178,2024.4055,33
2002,50 to < 75',Hand,80781.73691797256,686556352,.00011766221,.0010645716,.00013844395,1.9936273,7.3421178,2024.4055,33
2002,50 to < 75',Bottom Trawl,128832545.2032989,686556352,.18765035,.31397185,352.12656,1.9936273,7.3421178,2024.4055,33
2002,30 to < 50,Bottom Trawl,26451997.02780838,686556352,.038528517,.12546259,14.844466,1.9936273,7.3421178,2024.4055,33
2002,Less than 30',Scallop Dredge,8928.023239135742,686556352,.000013004064,.00014629896,1.6910569e-06,1.9936273,7.3421178,2024.4055,33
2002,Less than 30',Gillnet,377335.2943974286,686556352,.0005496057,.0041255103,.0030206642,1.9936273,7.3421178,2024.4055,33
2002,75 and above,Gillnet,339109.4642561376,686556352,.00049392809,.0037603341,.0024396495,1.9936273,7.3421178,2024.4055,33
2002,30 to < 50,Pot,27674471.50723179,686556352,.040309105,.12943971,16.24824,1.9936273,7.3421178,2024.4055,33
2002,Less than 30',Hand,1372615.907818019,686556352,.0019992765,.012425443,.039971065,1.9936273,7.3421178,2024.4055,33
2002,75 and above,Hand,49131.83786022663,686556352,.000071562717,.0006830616,.000051212224,1.9936273,7.3421178,2024.4055,33
2002,30 to < 50,Clam Dredge,15589.35455322266,686556352,.000022706592,.0002427983,5.1558932e-06,1.9936273,7.3421178,2024.4055,33
2002,75 and above,Scallop Dredge,248016925.9452647,686556352,.36124775,.36781931,1304.9994,1.9936273,7.3421178,2024.4055,33
2002,75 and above,OTH,1130905.786178045,686556352,.0016472148,.010556455,.027133165,1.9936273,7.3421178,2024.4055,33
2002,75 and above,Pot,8332986.146028817,686556352,.012137366,.053543586,1.4731567,1.9936273,7.3421178,2024.4055,33
2002,75 and above,Purse Seine,4638706.548827171,686556352,.0067564831,.033763856,.45650065,1.9936273,7.3421178,2024.4055,33
2002,75 and above,Longline,2448742.016687632,686556352,.0035667021,.020102339,.12721364,1.9936273,7.3421178,2024.4055,33
2003,Less than 30',OTH,28182.58186995983,710256576,.000039679438,.00040213831,.000015744579,1.9467343,7.0057716,2134.1362,35
2003,30 to < 50,Pot,24345691.38650524,710256576,.03427732,.1156267,11.749347,1.9467343,7.0057716,2134.1362,35
2003,50 to < 75',Clam Dredge,265599.7585048676,710256576,.00037394903,.002950978,.0013983788,1.9467343,7.0057716,2134.1362,35
2003,50 to < 75',OTH,770176.7702333331,710256576,.0010843641,.0074026952,.011758456,1.9467343,7.0057716,2134.1362,35
2003,30 to < 50,Purse Seine,501809.3734180927,710256576,.00070651848,.0051259054,.0049916836,1.9467343,7.0057716,2134.1362,35
2003,Less than 30',Longline,266371.0526697636,710256576,.00037503496,.00295846,.0014065122,1.9467343,7.0057716,2134.1362,35
2003,Less than 30',Hand,728037.149834305,710256576,.001025034,.0070553394,.010506947,1.9467343,7.0057716,2134.1362,35
2003,30 to < 50,Clam Dredge,215588.8022422791,710256576,.00030353651,.0024586483,.00092134409,1.9467343,7.0057716,2134.1362,35
2003,50 to < 75',Bottom Trawl,126408357.6636716,710256576,.17797562,.30720526,316.75323,1.9467343,7.0057716,2134.1362,35
2003,50 to < 75',Purse Seine,1129595.27791214,710256576,.0015904045,.010248196,.025293866,1.9467343,7.0057716,2134.1362,35
2003,30 to < 50,Hand,2417545.511362702,710256576,.0034037638,.019343158,.11585607,1.9467343,7.0057716,2134.1362,35
2003,30 to < 50,Bottom Trawl,25168089.73123503,710256576,.035435207,.11835534,12.55654,1.9467343,7.0057716,2134.1362,35
2003,75 and above,Bottom Trawl,98928287.49816015,710256576,.13928528,.27456346,194.00389,1.9467343,7.0057716,2134.1362,35
2003,75 and above,Gillnet,468689.9760468155,710256576,.00065988826,.0048326519,.0043545254,1.9467343,7.0057716,2134.1362,35
2003,50 to < 75',Longline,2228278.138618469,710256576,.0031372863,.018084563,.098425649,1.9467343,7.0057716,2134.1362,35
2003,30 to < 50,Gillnet,46722349.71597457,710256576,.065782353,.17902033,43.273182,1.9467343,7.0057716,2134.1362,35
2003,Less than 30',Clam Dredge,75780.64585113525,710256576,.00010669474,.00097578089,.00011383768,1.9467343,7.0057716,2134.1362,35
2003,Less than 30',Gillnet,469993.5601843745,710256576,.00066172361,.0048442553,.0043787812,1.9467343,7.0057716,2134.1362,35
2003,30 to < 50,Other Dredge,39694.01371765137,710256576,.000055886867,.00054725434,.00003123342,1.9467343,7.0057716,2134.1362,35
2003,75 and above,Hand,93165.81096486747,710256576,.00013117206,.0011725471,.00017206107,1.9467343,7.0057716,2134.1362,35
2003,30 to < 50,Scallop Dredge,7735824.771242738,710256576,.010891592,.049227428,1.1862677,1.9467343,7.0057716,2134.1362,35
2003,75 and above,OTH,359508.9817687571,710256576,.00050616777,.0038411261,.0025620582,1.9467343,7.0057716,2134.1362,35
2003,Less than 30',Bottom Trawl,94237.88800752163,710256576,.00013268147,.0011845217,.00017604372,1.9467343,7.0057716,2134.1362,35
2003,30 to < 50,Longline,2046949.686224878,710256576,.0028819863,.016857533,.083058454,1.9467343,7.0057716,2134.1362,35
2003,50 to < 75',Scallop Dredge,68271163.5877018,710256576,.096121833,.22513068,92.394066,1.9467343,7.0057716,2134.1362,35
2003,Less than 30',Scallop Dredge,5476.178384304047,710256576,7.7101413e-06,.000090771297,5.9446279e-07,1.9467343,7.0057716,2134.1362,35
2003,Less than 30',Pot,305831.5063297749,710256576,.00043059301,.0033372452,.0018541034,1.9467343,7.0057716,2134.1362,35
2003,30 to < 50,OTH,1884757.954011083,710256576,.0026536298,.015740871,.070417508,1.9467343,7.0057716,2134.1362,35
2003,75 and above,Clam Dredge,3016756.875579834,710256576,.0042474186,.023197038,.18040565,1.9467343,7.0057716,2134.1362,35
2003,75 and above,Scallop Dredge,271210475.8005587,710256576,.3818486,.36761752,1458.0836,1.9467343,7.0057716,2134.1362,35
2003,50 to < 75',Pot,4806515.233875006,710256576,.0067672944,.033807062,.45796272,1.9467343,7.0057716,2134.1362,35
2003,75 and above,Longline,1869604.011835098,710256576,.0026322939,.015635561,.069289707,1.9467343,7.0057716,2134.1362,35
2003,50 to < 75',Gillnet,8412519.001961917,710256576,.011844338,.052540362,1.4028834,1.9467343,7.0057716,2134.1362,35
2003,75 and above,Pot,8950007.172382116,710256576,.012601091,.055116817,1.5878749,1.9467343,7.0057716,2134.1362,35
2003,50 to < 75',Hand,15636.3549041748,710256576,.00002201508,.00023608493,4.8466372e-06,1.9467343,7.0057716,2134.1362,35
2004,Less than 30',Pot,274971.2344642878,810975360,.00033906239,.00270888,.0011496331,1.8590372,6.4175549,2466.1892,32
2004,50 to < 75',Scallop Dredge,86938955.38279,810975360,.10720295,.23938757,114.92474,1.8590372,6.4175549,2466.1892,32
2004,75 and above,Bottom Trawl,101043739.4397931,810975360,.12459533,.25949273,155.23996,1.8590372,6.4175549,2466.1892,32
2004,Less than 30',Hand,821996.4213013053,810975360,.0010135899,.0069879494,.010273645,1.8590372,6.4175549,2466.1892,32
2004,30 to < 50,Hand,1429418.910137624,810975360,.0017625922,.011176544,.031067314,1.8590372,6.4175549,2466.1892,32
2004,30 to < 50,OTH,814415.9544048309,810975360,.0010042426,.0069328104,.010085031,1.8590372,6.4175549,2466.1892,32
2004,50 to < 75',Hand,21851.67837619781,810975360,.000026944936,.00028350693,7.2602957e-06,1.8590372,6.4175549,2466.1892,32
2004,30 to < 50,Gillnet,40423257.68012724,810975360,.049845234,.1494775,24.845472,1.8590372,6.4175549,2466.1892,32
2004,50 to < 75',Pot,1072912.36101824,810975360,.0013229901,.0087685939,.017503027,1.8590372,6.4175549,2466.1892,32
2004,30 to < 50,Bottom Trawl,21585707.42211825,810975360,.02661697,.096518621,7.084631,1.8590372,6.4175549,2466.1892,32
2004,75 and above,Scallop Dredge,355397698.9372376,810975360,.4382349,.36154389,1920.4983,1.8590372,6.4175549,2466.1892,32
2004,50 to < 75',Longline,3466958.933675289,810975360,.0042750486,.023320219,.1827604,1.8590372,6.4175549,2466.1892,32
2004,30 to < 50,Pot,18898030.65625009,810975360,.023302842,.087599576,5.4302244,1.8590372,6.4175549,2466.1892,32
2004,75 and above,Midwater Trawl,3346562.298440576,810975360,.0041265893,.02265623,.17028739,1.8590372,6.4175549,2466.1892,32
2004,75 and above,OTH,311373.9604384303,810975360,.00038394995,.0030197657,.0014741757,1.8590372,6.4175549,2466.1892,32
2004,30 to < 50,Other Dredge,6982.712677001953,810975360,8.6102646e-06,.00010041769,7.4136653e-07,1.8590372,6.4175549,2466.1892,32
2004,75 and above,Gillnet,512127.0312418342,810975360,.0006314952,.0046524904,.0039878618,1.8590372,6.4175549,2466.1892,32
2004,50 to < 75',Gillnet,6370413.974579677,810975360,.0078552496,.038071044,.61704946,1.8590372,6.4175549,2466.1892,32
2004,75 and above,Hand,65822.21326339245,810975360,.00008116426,.00076448906,.000065876375,1.8590372,6.4175549,2466.1892,32
2004,Less than 30',Bottom Trawl,28632.5389957428,810975360,.000035306301,.00036194074,.000012465349,1.8590372,6.4175549,2466.1892,32
2004,30 to < 50,Longline,4501143.294320673,810975360,.0055502835,.028827652,.30805647,1.8590372,6.4175549,2466.1892,32
2004,75 and above,Longline,1072940.160808325,810975360,.0013230244,.0087687876,.017503936,1.8590372,6.4175549,2466.1892,32
2004,75 and above,Pot,12294201.46482682,810975360,.015159772,.063505948,2.2981868,1.8590372,6.4175549,2466.1892,32
2004,Less than 30',Gillnet,294424.306908384,810975360,.00036304962,.0028757055,.0013180503,1.8590372,6.4175549,2466.1892,32
2004,30 to < 50,Clam Dredge,347813.7309875488,810975360,.00042888324,.0033257003,.0018394083,1.8590372,6.4175549,2466.1892,32
2004,50 to < 75',Purse Seine,355820.3767585456,810975360,.00043875608,.0033922719,.0019250689,1.8590372,6.4175549,2466.1892,32
2004,30 to < 50,Scallop Dredge,14656736.67920092,810975360,.018072974,.072532944,3.2663238,1.8590372,6.4175549,2466.1892,32
2004,Less than 30',Longline,249558.5858288407,810975360,.00030772647,.0024883684,.00094695581,1.8590372,6.4175549,2466.1892,32
2004,Less than 30',OTH,1892.7314453125,810975360,2.3338951e-06,.000030265886,5.4470661e-08,1.8590372,6.4175549,2466.1892,32
2004,50 to < 75',OTH,655063.2435485721,810975360,.00080774742,.0057521802,.0065245591,1.8590372,6.4175549,2466.1892,32
2004,50 to < 75',Bottom Trawl,122834779.5744869,810975360,.15146549,.28587559,229.41795,1.8590372,6.4175549,2466.1892,32
2004,75 and above,Clam Dredge,10879170.74683684,810975360,.013414921,.057836927,1.7996011,1.8590372,6.4175549,2466.1892,32
2005,30 to < 50,Scallop Dredge,33867200.30615151,953152704,.035531767,.11858117,12.625065,1.9144441,6.7831669,2371.2861,31
2005,50 to < 75',Longline,1435153.076608181,953152704,.0015056906,.0097847357,.022671042,1.9144441,6.7831669,2371.2861,31
2005,75 and above,Bottom Trawl,100098420.3852554,953152704,.10501824,.23667134,110.28831,1.9144441,6.7831669,2371.2861,31
2005,30 to < 50,Pot,16343956.20510467,953152704,.01714726,.069719337,2.9402852,1.9144441,6.7831669,2371.2861,31
2005,Less than 30',Hand,558618.8112872243,953152704,.00058607484,.0043616057,.0034348371,1.9144441,6.7831669,2371.2861,31
2005,75 and above,Clam Dredge,37566658.83442974,953152704,.039413054,.12744835,15.533888,1.9144441,6.7831669,2371.2861,31
2005,50 to < 75',Scallop Dredge,125751591.2968322,953152704,.13193226,.2672244,174.0612,1.9144441,6.7831669,2371.2861,31
2005,Less than 30',Bottom Trawl,79237.9339966774,953152704,.000083132465,.00078103575,.000069110065,1.9144441,6.7831669,2371.2861,31
2005,30 to < 50,OTH,113542.4634902477,953152704,.00011912305,.0010763189,.00014190302,1.9144441,6.7831669,2371.2861,31
2005,30 to < 50,Bottom Trawl,23964771.21986875,953152704,.025142636,.092605114,6.3215218,1.9144441,6.7831669,2371.2861,31
2005,30 to < 50,Clam Dredge,554620.3948822021,953152704,.00058187987,.0043345666,.0033858418,1.9144441,6.7831669,2371.2861,31
2005,75 and above,Scallop Dredge,413036878.5374368,953152704,.43333757,.36237344,1877.8145,1.9144441,6.7831669,2371.2861,31
2005,50 to < 75',Pot,3337802.372097075,953152704,.0035018548,.019801106,.12262987,1.9144441,6.7831669,2371.2861,31
2005,75 and above,Hand,33312.75373268127,953152704,.00003495007,.0003586433,.000012215074,1.9144441,6.7831669,2371.2861,31
2005,Less than 30',Gillnet,135044.750585407,953152704,.00014168218,.0012555767,.00020073839,1.9144441,6.7831669,2371.2861,31
2005,75 and above,Gillnet,445781.2463210821,953152704,.00046769131,.0035861176,.0021873517,1.9144441,6.7831669,2371.2861,31
2005,50 to < 75',Clam Dredge,2754902.217605591,953152704,.0028903051,.016897861,.083538637,1.9144441,6.7831669,2371.2861,31
2005,75 and above,OTH,474082.1948499531,953152704,.00049738324,.0037831713,.0024739008,1.9144441,6.7831669,2371.2861,31
2005,Less than 30',Pot,958415.6527333558,953152704,.0010055216,.0069403606,.010110738,1.9144441,6.7831669,2371.2861,31
2005,75 and above,Midwater Trawl,4957962.772666931,953152704,.0052016457,.027354311,.27057117,1.9144441,6.7831669,2371.2861,31
2005,50 to < 75',Bottom Trawl,115265850.1179935,953152704,.12093115,.25547114,146.24342,1.9144441,6.7831669,2371.2861,31
2005,50 to < 75',OTH,110323.7061459422,953152704,.0001157461,.0010491356,.0001339716,1.9144441,6.7831669,2371.2861,31
2005,30 to < 50,Purse Seine,339690.1127204895,953152704,.00035638583,.0028295242,.0012701086,1.9144441,6.7831669,2371.2861,31
2005,30 to < 50,Longline,4092289.545355082,953152704,.004293425,.023402045,.18433498,1.9144441,6.7831669,2371.2861,31
2005,30 to < 50,Gillnet,45750129.33090959,953152704,.047998741,.14575204,23.038792,1.9144441,6.7831669,2371.2861,31
2005,30 to < 50,Hand,754175.7819261551,953152704,.00079124339,.0056509851,.0062606609,1.9144441,6.7831669,2371.2861,31
2005,75 and above,Longline,335735.0777072906,953152704,.00035223641,.0028007049,.0012407049,1.9144441,6.7831669,2371.2861,31
2005,75 and above,Purse Seine,3233447.870540619,953152704,.0033923713,.01928979,.11508183,1.9144441,6.7831669,2371.2861,31
2005,75 and above,Pot,9693916.701093197,953152704,.010170371,.046664476,1.0343645,1.9144441,6.7831669,2371.2861,31
2005,Less than 30',Longline,7331.018817305565,953152704,7.6913375e-06,.000090568697,5.9156673e-07,1.9144441,6.7831669,2371.2861,31
2005,50 to < 75',Gillnet,7101850.222940207,953152704,.0074509052,.036505111,.55515987,1.9144441,6.7831669,2371.2861,31
2006,30 to < 50,Pot,22165143.732266,818501120,.027080163,.097731061,7.3333526,1.9754921,7.2101669,2244.4985,32
2006,30 to < 50,Gillnet,38990918.93872385,818501120,.047636978,.14501391,22.692818,1.9754921,7.2101669,2244.4985,32
2006,50 to < 75',Pot,3844507.172784925,818501120,.004697009,.025179863,.22061893,1.9754921,7.2101669,2244.4985,32
2006,Less than 30',Gillnet,108656.194545567,818501120,.00013275021,.0011850666,.00017622618,1.9754921,7.2101669,2244.4985,32
2006,75 and above,Longline,528964.680886507,818501120,.00064626016,.0047463337,.0041765221,1.9754921,7.2101669,2244.4985,32
2006,30 to < 50,Clam Dredge,1371957.138591766,818501120,.0016761824,.010712878,.028095873,1.9754921,7.2101669,2244.4985,32
2006,50 to < 75',Gillnet,4880828.512879848,818501120,.0059631299,.030544104,.35558918,1.9754921,7.2101669,2244.4985,32
2006,30 to < 50,Hand,905480.6829481125,818501120,.0011062669,.0075300974,.012238264,1.9754921,7.2101669,2244.4985,32
2006,75 and above,Pot,7583422.149206161,818501120,.0092650112,.043374244,.85840434,1.9754921,7.2101669,2244.4985,32
2006,50 to < 75',Bottom Trawl,100538579.7014948,818501120,.12283255,.25757167,150.87836,1.9754921,7.2101669,2244.4985,32
2006,75 and above,Bottom Trawl,85861874.85555504,818501120,.10490135,.23652473,110.04294,1.9754921,7.2101669,2244.4985,32
2006,30 to < 50,Longline,3340899.4596809,818501120,.0040817289,.022454549,.1666051,1.9754921,7.2101669,2244.4985,32
2006,50 to < 75',Longline,2023215.0963974,818501120,.0024718537,.014838011,.06110061,1.9754921,7.2101669,2244.4985,32
2006,75 and above,Clam Dredge,39273632.99398708,818501120,.04798238,.14571872,23.023088,1.9754921,7.2101669,2244.4985,32
2006,50 to < 75',Scallop Dredge,103783607.3383926,818501120,.12679715,.26185727,160.77518,1.9754921,7.2101669,2244.4985,32
2006,75 and above,OTH,848233.2613085406,818501120,.0010363251,.0071217031,.010739697,1.9754921,7.2101669,2244.4985,32
2006,75 and above,Midwater Trawl,6138067.135356903,818501120,.0074991556,.036693104,.56237334,1.9754921,7.2101669,2244.4985,32
2006,Less than 30',Longline,361.2434787750244,818501120,4.4134757e-07,6.4584301e-06,1.9478767e-09,1.9754921,7.2101669,2244.4985,32
2006,30 to < 50,Scallop Dredge,25080617.9549464,818501120,.030642129,.10679945,9.3894014,1.9754921,7.2101669,2244.4985,32
2006,50 to < 75',OTH,1038555.364863098,818501120,.0012688503,.0084627802,.016099811,1.9754921,7.2101669,2244.4985,32
2006,30 to < 50,Other Dredge,27519.72540211678,818501120,.000033622098,.00034631861,.000011304455,1.9754921,7.2101669,2244.4985,32
2006,30 to < 50,Purse Seine,376550.4920654297,818501120,.00046004885,.0035350972,.0021164494,1.9754921,7.2101669,2244.4985,32
2006,75 and above,Scallop Dredge,342530094.6489153,818501120,.41848457,.3645483,1751.2933,1.9754921,7.2101669,2244.4985,32
2006,75 and above,Hand,105108.8146073818,818501120,.00012841621,.0011506393,.00016490724,1.9754921,7.2101669,2244.4985,32
2006,50 to < 75',Clam Dredge,2817859.441257477,818501120,.0034427068,.019525303,.1185223,1.9754921,7.2101669,2244.4985,32
2006,50 to < 75',Hand,14312.56483459473,818501120,.000017486311,.00019154666,3.0577107e-06,1.9754921,7.2101669,2244.4985,32
2006,Less than 30',Pot,963684.9846251011,818501120,.0011773778,.0079407841,.013862184,1.9754921,7.2101669,2244.4985,32
2006,75 and above,Gillnet,694756.6948950887,818501120,.00084881583,.006002544,.0072048833,1.9754921,7.2101669,2244.4985,32
2006,Less than 30',Hand,590353.2682336271,818501120,.00072126143,.0052179722,.0052021807,1.9754921,7.2101669,2244.4985,32
2006,30 to < 50,Bottom Trawl,21050781.54668929,818501120,.025718696,.09414424,6.6145134,1.9754921,7.2101669,2244.4985,32
2006,75 and above,Purse Seine,894339.5902194977,818501120,.0010926554,.0074509745,.011938957,1.9754921,7.2101669,2244.4985,32
2006,Less than 30',Bottom Trawl,128212.7588016987,818501120,.00015664335,.0013724368,.0002453714,1.9754921,7.2101669,2244.4985,32
2007,Less than 30',Gillnet,97038.27525258064,801387520,.00012108783,.0010920905,.00014662264,1.8922184,6.634069,2495.6504,30
2007,Less than 30',Longline,7542.395079374313,801387520,9.4116704e-06,.00010892654,8.8579537e-07,1.8922184,6.634069,2495.6504,30
2007,50 to < 75',Clam Dredge,2858905.240825653,801387520,.0035674442,.020105779,.12726659,1.8922184,6.634069,2495.6504,30
2007,30 to < 50,Clam Dredge,1270222.783835411,801387520,.0015850294,.010218926,.025123183,1.8922184,6.634069,2495.6504,30
2007,50 to < 75',Bottom Trawl,88964758.43300517,801387520,.11101341,.24401905,123.23976,1.8922184,6.634069,2495.6504,30
2007,Less than 30',Hand,467718.9318337142,801387520,.0005836364,.0043458925,.0034063144,1.8922184,6.634069,2495.6504,30
2007,30 to < 50,Longline,3099589.845181629,801387520,.0038677789,.021485802,.14959714,1.8922184,6.634069,2495.6504,30
2007,50 to < 75',OTH,933347.0162238479,801387520,.0011646638,.0078676799,.013564418,1.8922184,6.634069,2495.6504,30
2007,30 to < 50,Hand,805087.9121599793,801387520,.0010046174,.0069350232,.010092562,1.8922184,6.634069,2495.6504,30
2007,50 to < 75',Scallop Dredge,111803256.3496376,801387520,.13951211,.27478358,194.63628,1.8922184,6.634069,2495.6504,30
2007,30 to < 50,Other Dredge,35232.48358154297,801387520,.000043964352,.00044105615,.000019328641,1.8922184,6.634069,2495.6504,30
2007,75 and above,Gillnet,961175.1857786775,801387520,.0011993888,.0080670211,.014385334,1.8922184,6.634069,2495.6504,30
2007,Less than 30',Bottom Trawl,209591.6909263432,801387520,.00026153601,.0021573945,.00068401085,1.8922184,6.634069,2495.6504,30
2007,30 to < 50,Bottom Trawl,18210153.3542576,801387520,.02272328,.085993193,5.1634746,1.8922184,6.634069,2495.6504,30
2007,75 and above,Bottom Trawl,71411940.16984433,801387520,.089110374,.21545815,79.406586,1.8922184,6.634069,2495.6504,30
2007,50 to < 75',Gillnet,3968502.507211886,801387520,.0049520391,.026285205,.24522692,1.8922184,6.634069,2495.6504,30
2007,75 and above,Purse Seine,3428196.482429504,801387520,.0042778263,.023332592,.18299797,1.8922184,6.634069,2495.6504,30
2007,75 and above,Pot,4507565.386840463,801387520,.0056247013,.029139256,.31637263,1.8922184,6.634069,2495.6504,30
2007,30 to < 50,Pot,18373040.45300594,801387520,.022926537,.08655823,5.2562613,1.8922184,6.634069,2495.6504,30
2007,50 to < 75',Longline,406411.1575698853,801387520,.00050713436,.0038474938,.0025718526,1.8922184,6.634069,2495.6504,30
2007,50 to < 75',Pot,2686631.235128917,801387520,.0033524744,.019102588,.11239085,1.8922184,6.634069,2495.6504,30
2007,75 and above,Hand,155395.9942760468,801387520,.00019390868,.0016575553,.00037600577,1.8922184,6.634069,2495.6504,30
2007,30 to < 50,Scallop Dredge,17073115.59096754,801387520,.021304443,.081997387,4.5387931,1.8922184,6.634069,2495.6504,30
2007,75 and above,Clam Dredge,35769142.40969181,801387520,.044634014,.13877872,19.921953,1.8922184,6.634069,2495.6504,30
2007,30 to < 50,Gillnet,42139408.97193951,801387520,.052583061,.15487611,27.649784,1.8922184,6.634069,2495.6504,30
2007,75 and above,Longline,618267.2795853615,801387520,.00077149604,.0055294503,.0059520612,1.8922184,6.634069,2495.6504,30
2007,Less than 30',Pot,740078.2554063201,801387520,.00092349609,.0064527849,.0085284505,1.8922184,6.634069,2495.6504,30
2007,75 and above,Midwater Trawl,8623813.436398506,801387520,.010761103,.048767351,1.1580133,1.8922184,6.634069,2495.6504,30
2007,75 and above,OTH,385599.8773614168,801387520,.00048116531,.0036757661,.0023152004,1.8922184,6.634069,2495.6504,30
2007,75 and above,Scallop Dredge,361376776.0483164,801387520,.45093885,.35913831,2033.4585,1.8922184,6.634069,2495.6504,30
2008,30 to < 50,Clam Dredge,545108.2012190819,728370432,.00074839417,.0053866273,.0056009386,1.9206473,6.8253751,2440.6641,31
2008,50 to < 75',Clam Dredge,3042005.219941139,728370432,.0041764537,.022879835,.17442766,1.9206473,6.8253751,2440.6641,31
2008,50 to < 75',OTH,3500561.389332786,728370432,.004806018,.025653979,.23097809,1.9206473,6.8253751,2440.6641,31
2008,50 to < 75',Gillnet,3708624.099185586,728370432,.0050916732,.026884792,.25925136,1.9206473,6.8253751,2440.6641,31
2008,Less than 30',Bottom Trawl,77654.89408814907,728370432,.00010661456,.00097512774,.00011366665,1.9206473,6.8253751,2440.6641,31
2008,50 to < 75',Bottom Trawl,90892726.43302478,728370432,.12478915,.25970241,155.72331,1.9206473,6.8253751,2440.6641,31
2008,Less than 30',Longline,28075.07442569733,728370432,.000038545051,.00039175968,.00001485721,1.9206473,6.8253751,2440.6641,31
2008,Less than 30',Pot,872321.5432080328,728370432,.0011976345,.008056975,.014343284,1.9206473,6.8253751,2440.6641,31
2008,Less than 30',Hand,455899.9916914701,728370432,.00062591775,.004616952,.0039177304,1.9206473,6.8253751,2440.6641,31
2008,75 and above,Scallop Dredge,324292677.9274847,728370432,.44523042,.36026412,1982.3013,1.9206473,6.8253751,2440.6641,31
2008,30 to < 50,Scallop Dredge,15359384.88613313,728370432,.021087326,.081377745,4.446753,1.9206473,6.8253751,2440.6641,31
2008,30 to < 50,Hand,548578.5938617885,728370432,.00075315882,.0054161418,.0056724823,1.9206473,6.8253751,2440.6641,31
2008,30 to < 50,OTH,214322.236105442,728370432,.00029424895,.002392563,.00086582446,1.9206473,6.8253751,2440.6641,31
2008,30 to < 50,Pot,19193857.49562673,728370432,.02635178,.095820852,6.9441628,1.9206473,6.8253751,2440.6641,31
2008,75 and above,Bottom Trawl,63519729.56131935,728370432,.087208003,.21274036,76.052361,1.9206473,6.8253751,2440.6641,31
2008,30 to < 50,Gillnet,41482691.81857539,728370432,.056952741,.16319999,32.436146,1.9206473,6.8253751,2440.6641,31
2008,75 and above,Other Dredge,1442863.091649532,728370432,.0019809469,.01232977,.039241504,1.9206473,6.8253751,2440.6641,31
2008,75 and above,Gillnet,761.9431762695313,728370432,1.0460930e-06,.000014405169,1.0943105e-08,1.9206473,6.8253751,2440.6641,31
2008,50 to < 75',Pot,2413545.769723117,728370432,.0033136241,.018919842,.10980105,1.9206473,6.8253751,2440.6641,31
2008,75 and above,OTH,3618860.672488939,728370432,.0049684346,.026355809,.24685343,1.9206473,6.8253751,2440.6641,31
2008,75 and above,Longline,446808.8698223829,728370432,.00061343634,.0045372415,.0037630415,1.9206473,6.8253751,2440.6641,31
2008,75 and above,Clam Dredge,24139154.98090887,728370432,.033141315,.11291162,10.983468,1.9206473,6.8253751,2440.6641,31
2008,30 to < 50,Bottom Trawl,18295706.76780625,728370432,.025118684,.09254083,6.3094831,1.9206473,6.8253751,2440.6641,31
2008,Less than 30',Gillnet,11255.60584759712,728370432,.000015453134,.00017118515,2.3879934e-06,1.9206473,6.8253751,2440.6641,31
2008,75 and above,Pot,4636320.646664143,728370432,.0063653332,.032188781,.40517467,1.9206473,6.8253751,2440.6641,31
2008,75 and above,Hand,9369.690862178802,728370432,.000012863909,.00014486157,1.6548014e-06,1.9206473,6.8253751,2440.6641,31
2008,30 to < 50,Other Dredge,69626.58142280579,728370432,.000095592266,.00088474643,.00009137881,1.9206473,6.8253751,2440.6641,31
2008,75 and above,Midwater Trawl,10415711.67278576,728370432,.014300019,.060739253,2.0449057,1.9206473,6.8253751,2440.6641,31
2008,50 to < 75',Scallop Dredge,92660167.52415311,728370432,.12721571,.2623024,161.83838,1.9206473,6.8253751,2440.6641,31
2008,30 to < 50,Longline,2067221.250910893,728370432,.0028381455,.016644601,.0805507,1.9206473,6.8253751,2440.6641,31
2008,50 to < 75',Longline,408856.3198177814,728370432,.00056133018,.0042016692,.0031509157,1.9206473,6.8253751,2440.6641,31
2009,Less than 30',Longline,82850.65892887115,719716928,.00011511562,.0010440495,.00013251606,1.8711795,6.4959536,2635.2798,30
2009,30 to < 50,Bottom Trawl,16281325.94733908,719716928,.022621846,.085710533,5.1174793,1.8711795,6.4959536,2635.2798,30
2009,30 to < 50,Scallop Dredge,12537833.3228755,719716928,.017420506,.07055492,3.0347404,1.8711795,6.4959536,2635.2798,30
2009,Less than 30',Gillnet,105778.9235253334,719716928,.00014697296,.0012970748,.00021601051,1.8711795,6.4959536,2635.2798,30
2009,30 to < 50,Longline,2112917.388154626,719716928,.0029357616,.017117804,.08618696,1.8711795,6.4959536,2635.2798,30
2009,30 to < 50,Other Dredge,325254.9425227046,719716928,.00045192064,.0034806945,.0020423227,1.8711795,6.4959536,2635.2798,30
2009,75 and above,Longline,1873857.476052284,719716928,.0026036035,.015493677,.067787513,1.8711795,6.4959536,2635.2798,30
2009,30 to < 50,Hand,658874.7360787988,719716928,.00091546372,.0064046574,.0083807381,1.8711795,6.4959536,2635.2798,30
2009,75 and above,Purse Seine,5643552.931625366,719716928,.0078413505,.038017567,.61486781,1.8711795,6.4959536,2635.2798,30
2009,75 and above,Clam Dredge,17857513.01458263,719716928,.024811856,.091715381,6.1562824,1.8711795,6.4959536,2635.2798,30
2009,75 and above,Scallop Dredge,338596929.6176611,719716928,.47045848,.35474807,2213.3118,1.8711795,6.4959536,2635.2798,30
2009,50 to < 75',Pot,2418307.004319668,719716928,.0033600808,.019138316,.11290143,1.8711795,6.4959536,2635.2798,30
2009,Less than 30',Hand,540496.3474170864,719716928,.00075098465,.0054026777,.0056397794,1.8711795,6.4959536,2635.2798,30
2009,75 and above,OTH,551174.9475395679,719716928,.00076582184,.0054944353,.0058648307,1.8711795,6.4959536,2635.2798,30
2009,75 and above,Hand,3209.017845153809,719716928,4.4587223e-06,.000054934349,1.9880204e-07,1.8711795,6.4959536,2635.2798,30
2009,30 to < 50,Pot,16845671.11202835,719716928,.023405967,.08788389,5.4783931,1.8711795,6.4959536,2635.2798,30
2009,75 and above,Bottom Trawl,59257155.22545853,719716928,.082333975,.20558558,67.788834,1.8711795,6.4959536,2635.2798,30
2009,30 to < 50,Gillnet,37921867.65374109,719716928,.052689977,.155084,27.762337,1.8711795,6.4959536,2635.2798,30
2009,50 to < 75',Clam Dredge,2146634.072319508,719716928,.0029826087,.017343741,.088959552,1.8711795,6.4959536,2635.2798,30
2009,50 to < 75',Bottom Trawl,80078711.8426806,719716928,.11126418,.24431922,123.79717,1.8711795,6.4959536,2635.2798,30
2009,50 to < 75',OTH,446610.4060470462,719716928,.00062053622,.0045826142,.0038506519,1.8711795,6.4959536,2635.2798,30
2009,50 to < 75',Longline,602955.5244529247,719716928,.00083776761,.0059353905,.0070185456,1.8711795,6.4959536,2635.2798,30
2009,30 to < 50,Midwater Trawl,197.3232479095459,719716928,2.7416786e-07,4.1425460e-06,7.5168016e-10,1.8711795,6.4959536,2635.2798,30
2009,75 and above,Midwater Trawl,17616834.69983578,719716928,.02447745,.090811417,5.9914556,1.8711795,6.4959536,2635.2798,30
2009,50 to < 75',Gillnet,2860650.989208519,719716928,.0039746892,.021971321,.15798154,1.8711795,6.4959536,2635.2798,30
2009,50 to < 75',Scallop Dredge,95248972.05470541,719716928,.13234226,.2676442,175.14474,1.8711795,6.4959536,2635.2798,30
2009,30 to < 50,Purse Seine,590571.3945665359,719716928,.00082056067,.0058305124,.0067331982,1.8711795,6.4959536,2635.2798,30
2009,Less than 30',Pot,836923.4780614376,719716928,.0011628509,.0078572445,.013522222,1.8711795,6.4959536,2635.2798,30
2009,30 to < 50,Clam Dredge,539042.0388197899,719716928,.00074896397,.0053901589,.0056094704,1.8711795,6.4959536,2635.2798,30
2009,75 and above,Pot,5134227.764231294,719716928,.0071336767,.035261255,.50889343,1.8711795,6.4959536,2635.2798,30
2010,Less than 30',Gillnet,87293.65021148324,757189632,.00011528638,.0010454274,.00013290948,1.7544214,5.7801023,2921.4565,29
2010,30 to < 50,OTH,101635.1808247846,757189632,.00013422685,.0011967638,.00018016847,1.7544214,5.7801023,2921.4565,29
2010,50 to < 75',Pot,2122229.553250909,757189632,.0028027715,.016472299,.078555278,1.7544214,5.7801023,2921.4565,29
2010,75 and above,Midwater Trawl,16698377.5997982,757189632,.022053098,.084117182,4.8633914,1.7544214,5.7801023,2921.4565,29
2010,50 to < 75',OTH,492956.4547392428,757189632,.00065103435,.0047766054,.0042384574,1.7544214,5.7801023,2921.4565,29
2010,50 to < 75',Scallop Dredge,103160367.8769256,757189632,.13624112,.27157339,185.61644,1.7544214,5.7801023,2921.4565,29
2010,75 and above,Bottom Trawl,61496982.12449938,757189632,.081217408,.20390651,65.962677,1.7544214,5.7801023,2921.4565,29
2010,75 and above,Hand,7358.461663246155,757189632,9.7181228e-06,.00011216189,9.4441913e-07,1.7544214,5.7801023,2921.4565,29
2010,Less than 30',Longline,39928.38924026489,757189632,.00005273235,.00051942846,.000027807007,1.7544214,5.7801023,2921.4565,29
2010,30 to < 50,Bottom Trawl,16779065.85872203,757189632,.022159662,.084416829,4.9105062,1.7544214,5.7801023,2921.4565,29
2010,75 and above,Pot,4439604.927093506,757189632,.005863267,.030131612,.343779,1.7544214,5.7801023,2921.4565,29
2010,30 to < 50,Scallop Dredge,11685218.18653619,757189632,.015432354,.064372808,2.3815756,1.7544214,5.7801023,2921.4565,29
2010,30 to < 50,Longline,2097264.975570768,757189632,.0027698015,.016311305,.076718003,1.7544214,5.7801023,2921.4565,29
2010,30 to < 50,Purse Seine,258599.4938964844,757189632,.00034152539,.0027260859,.001166396,1.7544214,5.7801023,2921.4565,29
2010,50 to < 75',Purse Seine,187300.7426809072,757189632,.00024736306,.0020542645,.00061188481,1.7544214,5.7801023,2921.4565,29
2010,Less than 30',Pot,152897.9426071644,757189632,.00020192821,.0017179241,.00040775002,1.7544214,5.7801023,2921.4565,29
2010,75 and above,Clam Dredge,21414447.33809757,757189632,.028281486,.10083899,7.9984245,1.7544214,5.7801023,2921.4565,29
2010,30 to < 50,Other Dredge,863590.4394421577,757189632,.0011405207,.0077284765,.013007874,1.7544214,5.7801023,2921.4565,29
2010,30 to < 50,Pot,17379914.29289885,757189632,.022953186,.086632177,5.2684875,1.7544214,5.7801023,2921.4565,29
2010,30 to < 50,Gillnet,34712126.17216071,757189632,.045843374,.14131333,21.01615,1.7544214,5.7801023,2921.4565,29
2010,50 to < 75',Gillnet,2358166.791299462,757189632,.0031143676,.017975286,.096992858,1.7544214,5.7801023,2921.4565,29
2010,30 to < 50,Midwater Trawl,328.617317199707,757189632,4.3399606e-07,6.3581424e-06,1.8835258e-09,1.7544214,5.7801023,2921.4565,29
2010,50 to < 75',Bottom Trawl,75860608.05849957,757189632,.10018706,.23050199,100.37447,1.7544214,5.7801023,2921.4565,29
2010,50 to < 75',Longline,796532.5646619797,757189632,.0010519591,.00721339,.01106618,1.7544214,5.7801023,2921.4565,29
2010,30 to < 50,Hand,1101490.090418056,757189632,.0014547084,.0095035369,.021161765,1.7544214,5.7801023,2921.4565,29
2010,50 to < 75',Clam Dredge,2082006.885431767,757189632,.0027496505,.016212713,.07560578,1.7544214,5.7801023,2921.4565,29
2010,75 and above,Scallop Dredge,380282303.0523226,757189632,.50222862,.34588477,2522.3359,1.7544214,5.7801023,2921.4565,29
2010,Less than 30',Hand,520897.1416892409,757189632,.00068793487,.0050094156,.0047325436,1.7544214,5.7801023,2921.4565,29
2010,50 to < 75',Hand,10142.88094690442,757189632,.00001339543,.00015030472,1.7943754e-06,1.7544214,5.7801023,2921.4565,29
2011,30 to < 50,Longline,2301850.80107528,887038656,.0025949837,.015450987,.067339405,1.7181773,5.5743589,3027.4731,31
2011,75 and above,Hand,30201.31869482994,887038656,.000034047353,.00035027094,.000011592222,1.7181773,5.5743589,3027.4731,31
2011,50 to < 75',Gillnet,3401203.171439588,887038656,.0038343347,.021333314,.14702122,1.7181773,5.5743589,3027.4731,31
2011,50 to < 75',Pot,3018634.95680514,887038656,.0034030478,.019339805,.11580734,1.7181773,5.5743589,3027.4731,31
2011,50 to < 75',Scallop Dredge,128768752.3714187,887038656,.14516701,.28015351,210.7346,1.7181773,5.5743589,3027.4731,31
2011,30 to < 50,Gillnet,36822173.073816,887038656,.041511349,.13208033,17.231922,1.7181773,5.5743589,3027.4731,31
2011,30 to < 50,Pot,15181567.27552806,887038656,.017114889,.069620058,2.9291942,1.7181773,5.5743589,3027.4731,31
2011,30 to < 50,Clam Dredge,156740.5661315918,887038656,.00017670094,.0015268819,.00031223221,1.7181773,5.5743589,3027.4731,31
2011,Less than 30',Gillnet,65189.35986870527,887038656,.000073490999,.00069951289,.00005400927,1.7181773,5.5743589,3027.4731,31
2011,75 and above,OTH,260419.5799369812,887038656,.00029358311,.0023878142,.00086191046,1.7181773,5.5743589,3027.4731,31
2011,75 and above,Clam Dredge,27055803.15315056,887038656,.030501267,.10644903,9.3032732,1.7181773,5.5743589,3027.4731,31
2011,30 to < 50,Hand,995185.7467647418,887038656,.0011219193,.0076208771,.012587029,1.7181773,5.5743589,3027.4731,31
2011,50 to < 75',Hand,25263.82611048222,887038656,.000028481089,.00029809077,8.1117241e-06,1.7181773,5.5743589,3027.4731,31
2011,75 and above,Bottom Trawl,73429775.11134276,887038656,.082780808,.20625328,68.526619,1.7181773,5.5743589,3027.4731,31
2011,30 to < 50,Scallop Dredge,15960443.20483893,887038656,.017992951,.072291635,3.2374628,1.7181773,5.5743589,3027.4731,31
2011,Less than 30',Pot,133587.541887939,887038656,.00015059946,.0013254088,.00022680197,1.7181773,5.5743589,3027.4731,31
2011,30 to < 50,Purse Seine,474764.7024202347,887038656,.00053522439,.0040317513,.0028646514,1.7181773,5.5743589,3027.4731,31
2011,75 and above,Gillnet,61891.44675636292,887038656,.000069773108,.00066774694,.000048682865,1.7181773,5.5743589,3027.4731,31
2011,50 to < 75',Longline,2102121.660165906,887038656,.0023698197,.014325421,.056160454,1.7181773,5.5743589,3027.4731,31
2011,Less than 30',Hand,378000.4008095115,887038656,.00042613747,.0033071458,.0018159314,1.7181773,5.5743589,3027.4731,31
2011,50 to < 75',Bottom Trawl,84127123.18385631,887038656,.094840422,.22340226,89.94706,1.7181773,5.5743589,3027.4731,31
2011,75 and above,Midwater Trawl,9987063.458096266,887038656,.011258882,.050514076,1.2676241,1.7181773,5.5743589,3027.4731,31
2011,50 to < 75',Purse Seine,276727.1430251002,887038656,.00031196739,.0025183917,.00097323651,1.7181773,5.5743589,3027.4731,31
2011,Less than 30',Bottom Trawl,8359.997428894043,887038656,9.4246143e-06,.00010906339,8.8823356e-07,1.7181773,5.5743589,3027.4731,31
2011,75 and above,Scallop Dredge,453946390.5611501,887038656,.51175493,.34282944,2618.9312,1.7181773,5.5743589,3027.4731,31
2011,75 and above,Pot,6300778.03913784,887038656,.0071031605,.035140865,.50454891,1.7181773,5.5743589,3027.4731,31
2011,30 to < 50,OTH,123096.7735867202,887038656,.00013877272,.0012326727,.00019257869,1.7181773,5.5743589,3027.4731,31
2011,Less than 30',Longline,1874.162336349487,887038656,2.1128305e-06,.000027609374,4.4640529e-08,1.7181773,5.5743589,3027.4731,31
2011,50 to < 75',Clam Dredge,1680651.664251328,887038656,.0018946769,.011877174,.035898007,1.7181773,5.5743589,3027.4731,31
2011,50 to < 75',OTH,1370005.073646605,887038656,.0015444705,.0099974722,.023853892,1.7181773,5.5743589,3027.4731,31
2011,30 to < 50,Bottom Trawl,18592985.45999772,887038656,.020960739,.081015438,4.3935256,1.7181773,5.5743589,3027.4731,31
2012,Less than 30',Pot,34248.78010898829,864046080,.000039637678,.00040175681,.000015711455,1.7359022,5.6740446,3009.4106,32
2012,30 to < 50,Purse Seine,812040.7931137085,864046080,.00093981193,.0065503302,.0088324649,1.7359022,5.6740446,3009.4106,32
2012,30 to < 50,Bottom Trawl,19216701.80251509,864046080,.022240367,.084643416,4.9463391,1.7359022,5.6740446,3009.4106,32
2012,75 and above,Gillnet,9042.16325378418,864046080,.000010464909,.00012000617,1.0951431e-06,1.7359022,5.6740446,3009.4106,32
2012,30 to < 50,Hand,608715.1002548635,864046080,.00070449378,.0051132375,.0049631149,1.7359022,5.6740446,3009.4106,32
2012,50 to < 75',Clam Dredge,3211891.545976639,864046080,.0037172688,.020797249,.13818088,1.7359022,5.6740446,3009.4106,32
2012,75 and above,Longline,1589588.050918579,864046080,.0018397028,.011586727,.033845063,1.7359022,5.6740446,3009.4106,32
2012,30 to < 50,Scallop Dredge,18431610.0310421,864046080,.021331744,.082075141,4.5504332,1.7359022,5.6740446,3009.4106,32
2012,30 to < 50,OTH,195473.5008534044,864046080,.00022623042,.0018989682,.00051180203,1.7359022,5.6740446,3009.4106,32
2012,50 to < 75',Hand,17555.98907524347,864046080,.000020318348,.00021951915,4.1283529e-06,1.7359022,5.6740446,3009.4106,32
2012,50 to < 75',Purse Seine,347837.730505079,864046080,.00040256849,.0031471376,.0016206139,1.7359022,5.6740446,3009.4106,32
2012,Less than 30',Gillnet,117928.5311750472,864046080,.00013648407,.0012146131,.00018627902,1.7359022,5.6740446,3009.4106,32
2012,50 to < 75',OTH,1237028.216821894,864046080,.0014316692,.0093758786,.020496767,1.7359022,5.6740446,3009.4106,32
2012,50 to < 75',Pot,3011284.924273849,864046080,.0034850975,.019723071,.12145905,1.7359022,5.6740446,3009.4106,32
2012,75 and above,Midwater Trawl,12486299.11019897,864046080,.014450965,.061228652,2.0883038,1.7359022,5.6740446,3009.4106,32
2012,75 and above,OTH,436597.4245242774,864046080,.00050529413,.0038353694,.0025532215,1.7359022,5.6740446,3009.4106,32
2012,75 and above,Hand,144276.8041225076,864046080,.00016697813,.001452317,.00027881697,1.7359022,5.6740446,3009.4106,32
2012,50 to < 75',Gillnet,2821004.652459979,864046080,.0032648775,.018689899,.10659425,1.7359022,5.6740446,3009.4106,32
2012,75 and above,Pot,3985655.472259521,864046080,.0046127811,.024811801,.2127775,1.7359022,5.6740446,3009.4106,32
2012,30 to < 50,Pot,13350616.6682368,864046080,.015451279,.064432815,2.3874202,1.7359022,5.6740446,3009.4106,32
2012,50 to < 75',Longline,486179.3634414673,864046080,.00056267757,.004210406,.0031660604,1.7359022,5.6740446,3009.4106,32
2012,75 and above,Clam Dredge,28165850.08471489,864046080,.032597624,.11159848,10.626051,1.7359022,5.6740446,3009.4106,32
2012,30 to < 50,Longline,1985350.315205216,864046080,.0022977367,.01396066,.052795939,1.7359022,5.6740446,3009.4106,32
2012,Less than 30',OTH,41167.76758599281,864046080,.000047645339,.00047415335,.000022700782,1.7359022,5.6740446,3009.4106,32
2012,75 and above,Bottom Trawl,71577308.33489355,864046080,.08283969,.20634107,68.624146,1.7359022,5.6740446,3009.4106,32
2012,30 to < 50,Clam Dredge,425847.6262817383,864046080,.00049285294,.0037532228,.0024290401,1.7359022,5.6740446,3009.4106,32
2012,Less than 30',Hand,402204.2560556829,864046080,.00046548937,.0035714305,.0021668035,1.7359022,5.6740446,3009.4106,32
2012,50 to < 75',Bottom Trawl,80354077.65434422,864046080,.092997447,.22088598,86.485252,1.7359022,5.6740446,3009.4106,32
2012,50 to < 75',Other Dredge,119724.7627477646,864046080,.00013856294,.0012310189,.00019199689,1.7359022,5.6740446,3009.4106,32
2012,30 to < 50,Gillnet,34732615.12385055,864046080,.040197641,.12919308,16.158503,1.7359022,5.6740446,3009.4106,32
2012,75 and above,Scallop Dredge,441729059.7258168,864046080,.51123321,.3430014,2613.594,1.7359022,5.6740446,3009.4106,32
2012,50 to < 75',Scallop Dredge,121961286.7925186,864046080,.14115137,.27636343,199.23709,1.7359022,5.6740446,3009.4106,32
2013,50 to < 75',Gillnet,1871251.537321515,709437376,.0026376557,.015662042,.069572277,1.7942405,6.0149045,2820.5776,27
2013,50 to < 75',Scallop Dredge,97380757.86696598,709437376,.13726477,.27258638,188.41618,1.7942405,6.0149045,2820.5776,27
2013,50 to < 75',OTH,420806.7202952802,709437376,.00059315556,.0044071777,.0035183353,1.7942405,6.0149045,2820.5776,27
2013,75 and above,Scallop Dredge,348610394.6305344,709437376,.49138996,.34914103,2414.6409,1.7942405,6.0149045,2820.5776,27
2013,75 and above,Hand,36686.03348445892,709437376,.000051711446,.00051038328,.000026740736,1.7942405,6.0149045,2820.5776,27
2013,30 to < 50,Purse Seine,480431.2532806396,709437376,.00067720038,.0049418993,.0045860037,1.7942405,6.0149045,2820.5776,27
2013,30 to < 50,Gillnet,24125667.28059141,709437376,.03400676,.11498352,11.564597,1.7942405,6.0149045,2820.5776,27
2013,75 and above,Midwater Trawl,19080521.07623262,709437376,.026895287,.097248092,7.2335644,1.7942405,6.0149045,2820.5776,27
2013,50 to < 75',Purse Seine,472171.8007936478,709437376,.00066555809,.0048684808,.0044296756,1.7942405,6.0149045,2820.5776,27
2013,50 to < 75',Clam Dredge,1707311.970405579,709437376,.0024065718,.01451055,.057915878,1.7942405,6.0149045,2820.5776,27
2013,50 to < 75',Longline,685712.7552337646,709437376,.00096655852,.0067096259,.0093423538,1.7942405,6.0149045,2820.5776,27
2013,Less than 30',Hand,290677.3440804482,709437376,.0004097294,.0031958949,.0016787818,1.7942405,6.0149045,2820.5776,27
2013,75 and above,Pot,4701108.027945518,709437376,.0066265301,.033243142,.439109,1.7942405,6.0149045,2820.5776,27
2013,75 and above,OTH,544636.5107348561,709437376,.000767702,.0055060424,.0058936635,1.7942405,6.0149045,2820.5776,27
2013,30 to < 50,Hand,495722.2160473764,709437376,.00069875404,.005077295,.0048825722,1.7942405,6.0149045,2820.5776,27
2013,30 to < 50,Pot,12504541.25984668,709437376,.017625997,.071180478,3.1067576,1.7942405,6.0149045,2820.5776,27
2013,30 to < 50,OTH,116597.7619576901,709437376,.00016435244,.0014320846,.00027011725,1.7942405,6.0149045,2820.5776,27
2013,30 to < 50,Clam Dredge,2014709.617606997,709437376,.0028398696,.016652986,.080648594,1.7942405,6.0149045,2820.5776,27
2013,30 to < 50,Scallop Dredge,16247335.32462507,709437376,.022901719,.086489335,5.2448874,1.7942405,6.0149045,2820.5776,27
2013,50 to < 75',Pot,6285145.810870573,709437376,.0088593382,.041871741,.78487873,1.7942405,6.0149045,2820.5776,27
2013,30 to < 50,Longline,776806.1292463541,709437376,.0010949608,.0074643884,.011989392,1.7942405,6.0149045,2820.5776,27
2013,30 to < 50,Bottom Trawl,12830741.66035932,709437376,.018085798,.072571583,3.270961,1.7942405,6.0149045,2820.5776,27
2013,50 to < 75',Other Dredge,115557.4637598991,709437376,.00016288606,.001420767,.0002653187,1.7942405,6.0149045,2820.5776,27
2013,75 and above,Bottom Trawl,64840062.784794,709437376,.091396458,.21867046,83.533127,1.7942405,6.0149045,2820.5776,27
2013,75 and above,Clam Dredge,25968930.42253017,709437376,.036604967,.12107354,13.399236,1.7942405,6.0149045,2820.5776,27
2013,50 to < 75',Bottom Trawl,66810912.26882372,709437376,.094174504,.22249722,88.68837,1.7942405,6.0149045,2820.5776,27
2013,Less than 30',Gillnet,22180.41629610956,709437376,.000031264797,.0003243103,9.7748753e-06,1.7942405,6.0149045,2820.5776,27
2014,Less than 30',Longline,126675.8999971747,608864320,.00020805276,.0017638128,.00043285952,1.8355598,6.2686424,2712.1438,29
2014,50 to < 75',Clam Dredge,1445923.570615768,608864320,.0023747878,.014350479,.056396171,1.8355598,6.2686424,2712.1438,29
2014,75 and above,Gillnet,113.6638894081116,608864320,1.8668180e-07,2.8924217e-06,3.4850095e-10,1.8355598,6.2686424,2712.1438,29
2014,Less than 30',Hand,336387.8862082511,608864320,.00055248413,.0041442309,.0030523872,1.8355598,6.2686424,2712.1438,29
2014,30 to < 50,Gillnet,23730061.04571946,608864320,.0389743,.12646587,15.18996,1.8355598,6.2686424,2712.1438,29
2014,50 to < 75',OTH,620576.4627595991,608864320,.001019236,.0070212134,.010388421,1.8355598,6.2686424,2712.1438,29
2014,75 and above,,341515.0424661636,608864320,.00056090503,.0041989121,.0031461446,1.8355598,6.2686424,2712.1438,29
2014,30 to < 50,OTH,317762.9438757151,608864320,.00052189449,.0039445022,.0027237386,1.8355598,6.2686424,2712.1438,29
2014,30 to < 50,Pot,11496337.09233399,608864320,.018881608,.074951805,3.5651512,1.8355598,6.2686424,2712.1438,29
2014,Less than 30',Gillnet,19352.68523919582,608864320,.00003178489,.00032918082,.000010102793,1.8355598,6.2686424,2712.1438,29
2014,30 to < 50,Longline,988669.0473053455,608864320,.0016237921,.010429602,.026367009,1.8355598,6.2686424,2712.1438,29
2014,75 and above,OTH,2884440.867717326,608864320,.0047374116,.025355879,.2244307,1.8355598,6.2686424,2712.1438,29
2014,30 to < 50,Scallop Dredge,14352058.63853207,608864320,.023571851,.088340275,5.5563216,1.8355598,6.2686424,2712.1438,29
2014,50 to < 75',Gillnet,2753344.92247057,608864320,.0045220992,.024413815,.20449381,1.8355598,6.2686424,2712.1438,29
2014,Less than 30',Pot,103389.4359207451,608864320,.00016980703,.001474069,.00028834425,1.8355598,6.2686424,2712.1438,29
2014,50 to < 75',Longline,741840.2059373856,608864320,.0012183998,.008175727,.014844982,1.8355598,6.2686424,2712.1438,29
2014,30 to < 50,Hand,468499.5699809492,608864320,.00076946465,.0055169198,.0059207585,1.8355598,6.2686424,2712.1438,29
2014,75 and above,Hand,715.1877673864365,608864320,1.1746258e-06,.000016038999,1.3797458e-08,1.8355598,6.2686424,2712.1438,29
2014,75 and above,Bottom Trawl,52453385.84115807,608864320,.086149551,.21121031,74.217453,1.8355598,6.2686424,2712.1438,29
2014,50 to < 75',Scallop Dredge,82932018.46582082,608864320,.13620771,.27154019,185.52542,1.8355598,6.2686424,2712.1438,29
2014,50 to < 75',Pot,4699093.759307563,608864320,.0077178013,.037541129,.59564453,1.8355598,6.2686424,2712.1438,29
2014,75 and above,Clam Dredge,19988242.64848995,608864320,.03282873,.11215775,10.777255,1.8355598,6.2686424,2712.1438,29
2014,30 to < 50,Purse Seine,814305.4726104736,608864320,.0013374169,.0088497084,.01788684,1.8355598,6.2686424,2712.1438,29
2014,50 to < 75',Bottom Trawl,64435458.57870075,608864320,.10582893,.2376845,111.99761,1.8355598,6.2686424,2712.1438,29
2014,75 and above,Scallop Dredge,291588773.41409,608864320,.47890601,.352595,2293.5095,1.8355598,6.2686424,2712.1438,29
2014,30 to < 50,Clam Dredge,97965.73149108887,608864320,.00016089912,.0014054108,.00025888527,1.8355598,6.2686424,2712.1438,29
2014,30 to < 50,Bottom Trawl,11924285.11343609,608864320,.019584469,.077026077,3.8355145,1.8355598,6.2686424,2712.1438,29
2014,75 and above,Midwater Trawl,15425179.0347271,608864320,.025334345,.093118772,6.4182906,1.8355598,6.2686424,2712.1438,29
2014,75 and above,Pot,3777922.628526688,608864320,.0062048677,.031535752,.38500383,1.8355598,6.2686424,2712.1438,29
2015,30 to < 50,Hand,1284933.562276155,611380032,.0021016938,.012956967,.044171166,1.7553611,5.7855363,2922.8643,29
2015,Less than 30',Pot,89560.9494484663,611380032,.00014648982,.0012932934,.00021459268,1.7553611,5.7855363,2922.8643,29
2015,50 to < 75',Clam Dredge,993835.3761482239,611380032,.0016255607,.010439192,.026424475,1.7553611,5.7855363,2922.8643,29
2015,30 to < 50,Other Dredge,92634.40726268291,611380032,.0001515169,.0013325629,.00022957371,1.7553611,5.7855363,2922.8643,29
2015,30 to < 50,OTH,288878.933296442,611380032,.00047250304,.0036181761,.0022325914,1.7553611,5.7855363,2922.8643,29
2015,50 to < 75',Pot,1416895.078002214,611380032,.0023175357,.01406107,.053709716,1.7553611,5.7855363,2922.8643,29
2015,50 to < 75',Longline,1444096.036420822,611380032,.0023620268,.014286093,.055791706,1.7553611,5.7855363,2922.8643,29
2015,50 to < 75',Scallop Dredge,93309446.70396063,611380032,.15262103,.28689662,232.93179,1.7553611,5.7855363,2922.8643,29
2015,Less than 30',Longline,55826.16943740845,611380032,.000091311733,.00084931153,.000083378327,1.7553611,5.7855363,2922.8643,29
2015,50 to < 75',Bottom Trawl,58305056.46741933,611380032,.095366307,.22411367,90.947327,1.7553611,5.7855363,2922.8643,29
2015,30 to < 50,Gillnet,19828850.8063674,611380032,.03243294,.11119895,10.518956,1.7553611,5.7855363,2922.8643,29
2015,75 and above,Gillnet,2746.628394126892,611380032,4.4925059e-06,.000055316676,2.0182610e-07,1.7553611,5.7855363,2922.8643,29
2015,30 to < 50,Scallop Dredge,12907012.58230197,611380032,.021111276,.081446208,4.4568596,1.7553611,5.7855363,2922.8643,29
2015,50 to < 75',Gillnet,2492062.283914506,611380032,.0040761265,.022429327,.16614807,1.7553611,5.7855363,2922.8643,29
2015,75 and above,Clam Dredge,20292134.2837882,611380032,.033190705,.11303046,11.016229,1.7553611,5.7855363,2922.8643,29
2015,30 to < 50,Clam Dredge,263835.0568008423,611380032,.00043154019,.003343638,.0018622694,1.7553611,5.7855363,2922.8643,29
2015,75 and above,Scallop Dredge,304818852.3576112,611380032,.49857509,.34700879,2485.7712,1.7553611,5.7855363,2922.8643,29
2015,75 and above,Midwater Trawl,4804667.764438152,611380032,.0078587253,.03808441,.61759561,1.7553611,5.7855363,2922.8643,29
2015,75 and above,Pot,7578354.972038269,611380032,.01239549,.05442144,1.5364817,1.7553611,5.7855363,2922.8643,29
2015,Less than 30',Hand,218698.5193377584,611380032,.00035771288,.0028387306,.0012795851,1.7553611,5.7855363,2922.8643,29
2015,75 and above,Bottom Trawl,54264770.83919629,611380032,.088757843,.21495761,78.779549,1.7553611,5.7855363,2922.8643,29
2015,75 and above,OTH,1563803.992852777,611380032,.0025578265,.015266636,.065424763,1.7553611,5.7855363,2922.8643,29
2015,30 to < 50,Bottom Trawl,10099900.52870175,611380032,.016519841,.067784101,2.7290514,1.7553611,5.7855363,2922.8643,29
2015,30 to < 50,Pot,10478686.07371137,611380032,.017139399,.069695234,2.9375901,1.7553611,5.7855363,2922.8643,29
2015,Less than 30',Gillnet,108974.8154539466,611380032,.00017824399,.0015386658,.0003177092,1.7553611,5.7855363,2922.8643,29
2015,30 to < 50,Longline,562282.2740978599,611380032,.00091969356,.0064300098,.008458362,1.7553611,5.7855363,2922.8643,29
2015,30 to < 50,Purse Seine,1776752.327270508,611380032,.0029061341,.016974531,.084456153,1.7553611,5.7855363,2922.8643,29
2015,75 and above,Hand,552.0080089569092,611380032,9.0288853e-07,.000012566102,8.1520772e-09,1.7553611,5.7855363,2922.8643,29
2015,50 to < 75',OTH,2035961.745605707,611380032,.0033301082,.018997436,.11089621,1.7553611,5.7855363,2922.8643,29
2016,75 and above,Midwater Trawl,9781056.342328072,670499840,.014587709,.061670646,2.1280124,1.798831,6.0425797,2763.752,30
2016,50 to < 75',Bottom Trawl,63597713.35757986,670499840,.094851196,.22341686,89.967491,1.798831,6.0425797,2763.752,30
2016,Less than 30',Pot,133383.6317298412,670499840,.00019893164,.0016954046,.00039573797,1.798831,6.0425797,2763.752,30
2016,50 to < 75',Scallop Dredge,106584867.9728298,670499840,.15896331,.29234654,252.69333,1.798831,6.0425797,2763.752,30
2016,75 and above,Clam Dredge,22943466.62712097,670499840,.034218453,.11548694,11.709025,1.798831,6.0425797,2763.752,30
2016,Less than 30',Hand,310251.1421240158,670499840,.00046271621,.0035529186,.0021410629,1.798831,6.0425797,2763.752,30
2016,75 and above,Hand,4411.147674232721,670499840,6.5788945e-06,.000078497025,4.3281852e-07,1.798831,6.0425797,2763.752,30
2016,75 and above,Purse Seine,1628228.15201807,670499840,.0024283796,.014620135,.058970276,1.798831,6.0425797,2763.752,30
2016,30 to < 50,Clam Dredge,246631.8188934326,670499840,.00036783278,.0029087781,.0013530095,1.798831,6.0425797,2763.752,30
2016,30 to < 50,Longline,583471.9774095267,670499840,.00087020447,.0061321417,.0075725582,1.798831,6.0425797,2763.752,30
2016,50 to < 75',Clam Dredge,750759.0327529907,670499840,.0011197005,.0076080221,.012537292,1.798831,6.0425797,2763.752,30
2016,30 to < 50,Scallop Dredge,16506310.80230559,670499840,.02461792,.091191687,6.0604196,1.798831,6.0425797,2763.752,30
2016,30 to < 50,Hand,1063676.797163412,670499840,.0015863938,.010226358,.025166454,1.798831,6.0425797,2763.752,30
2016,50 to < 75',Gillnet,2472526.233387291,670499840,.0036875866,.020660749,.13598295,1.798831,6.0425797,2763.752,30
2016,75 and above,Bottom Trawl,62607098.31455567,670499840,.093373768,.22140273,87.186607,1.798831,6.0425797,2763.752,30
2016,30 to < 50,Bottom Trawl,13687244.25276598,670499840,.020413494,.079440318,4.1671071,1.798831,6.0425797,2763.752,30
2016,75 and above,Pot,2865849.673875332,670499840,.0042741988,.023316432,.18268776,1.798831,6.0425797,2763.752,30
2016,50 to < 75',Longline,2833851.047075748,670499840,.0042264755,.02310355,.17863095,1.798831,6.0425797,2763.752,30
2016,Less than 30',Longline,92942.56602978706,670499840,.00013861683,.0012314438,.00019214625,1.798831,6.0425797,2763.752,30
2016,75 and above,OTH,2181269.394964218,670499840,.0032531989,.018634703,.10583303,1.798831,6.0425797,2763.752,30
2016,75 and above,Scallop Dredge,321284755.3271834,670499840,.47917202,.35252476,2296.0583,1.798831,6.0425797,2763.752,30
2016,30 to < 50,Pot,13702675.33366089,670499840,.020436509,.079506852,4.1765089,1.798831,6.0425797,2763.752,30
2016,Less than 30',Gillnet,46714.79580205679,670499840,.000069671602,.00066687691,.000048541322,1.798831,6.0425797,2763.752,30
2016,30 to < 50,Purse Seine,950938.8040771484,670499840,.0014182536,.0093013737,.020114433,1.798831,6.0425797,2763.752,30
2016,50 to < 75',Pot,2893264.928059906,670499840,.0043150866,.023498399,.18619972,1.798831,6.0425797,2763.752,30
2016,30 to < 50,Gillnet,19747579.87612145,670499840,.029452028,.10381818,8.6742191,1.798831,6.0425797,2763.752,30
2016,75 and above,Gillnet,14760.91736793518,670499840,.000022014796,.00023608218,4.8465122e-06,1.798831,6.0425797,2763.752,30
2016,30 to < 50,OTH,210806.6051034927,670499840,.00031440216,.0025356023,.00098848715,1.798831,6.0425797,2763.752,30
2016,50 to < 75',OTH,737709.2895793319,670499840,.0011002378,.0074950717,.012105233,1.798831,6.0425797,2763.752,30
2016,50 to < 75',Other Dredge,35621.26181364059,670499840,.000053126427,.00052291469,.000028224173,1.798831,6.0425797,2763.752,30
2017,30 to < 50,OTH,161225.3916668892,677807552,.00023786307,.0019846857,.00056578842,1.7651682,5.842555,2842.7292,30
2017,30 to < 50,Gillnet,16751602.52429673,677807552,.024714394,.09145239,6.1080127,1.7651682,5.842555,2842.7292,30
2017,50 to < 75',Bottom Trawl,50393309.64603264,677807552,.074347518,.19322957,55.275536,1.7651682,5.842555,2842.7292,30
2017,50 to < 75',Gillnet,1402044.315854773,677807552,.0020684991,.012785252,.042786885,1.7651682,5.842555,2842.7292,30
2017,30 to < 50,Hand,1316143.394127198,677807552,.0019417657,.012124691,.037704539,1.7651682,5.842555,2842.7292,30
2017,30 to < 50,Scallop Dredge,10172050.07427421,677807552,.015007284,.063018881,2.2521856,1.7651682,5.842555,2842.7292,30
2017,75 and above,Gillnet,6812.262977600098,677807552,.000010050439,.00011565939,1.0101131e-06,1.7651682,5.842555,2842.7292,30
2017,Less than 30',Hand,342022.2264535576,677807552,.00050460082,.0038307996,.0025462199,1.7651682,5.842555,2842.7292,30
2017,75 and above,Pot,2537252.3125,677807552,.0037433226,.02091687,.14012463,1.7651682,5.842555,2842.7292,30
2017,75 and above,Clam Dredge,26088775.82594585,677807552,.038489945,.12537554,14.814759,1.7651682,5.842555,2842.7292,30
2017,75 and above,OTH,3587183.73148489,677807552,.0052923337,.027739746,.28008795,1.7651682,5.842555,2842.7292,30
2017,Less than 30',OTH,116014.2611456811,677807552,.00017116107,.0014844638,.00029296111,1.7651682,5.842555,2842.7292,30
2017,75 and above,Bottom Trawl,73249988.49058917,677807552,.108069,.24045195,116.78909,1.7651682,5.842555,2842.7292,30
2017,75 and above,Midwater Trawl,14430725.37574482,677807552,.021290299,.081957087,4.5327682,1.7651682,5.842555,2842.7292,30
2017,30 to < 50,Bottom Trawl,10666362.6394274,677807552,.015736565,.065334573,2.4763949,1.7651682,5.842555,2842.7292,30
2017,30 to < 50,Pot,14897527.84935483,677807552,.021978993,.083908498,4.8307614,1.7651682,5.842555,2842.7292,30
2017,50 to < 75',Pot,5436315.436589748,677807552,.008020441,.038704738,.64327472,1.7651682,5.842555,2842.7292,30
2017,30 to < 50,Clam Dredge,273326.5574798584,677807552,.00040325098,.00315179,.0016261135,1.7651682,5.842555,2842.7292,30
2017,75 and above,Hand,569.3906164765358,677807552,8.4004762e-07,.000011752104,7.0568000e-09,1.7651682,5.842555,2842.7292,30
2017,30 to < 50,Purse Seine,310241.2175489962,677807552,.00045771283,.0035194769,.0020950104,1.7651682,5.842555,2842.7292,30
2017,30 to < 50,Longline,917101.3796134591,677807552,.0013530409,.0089373775,.018307198,1.7651682,5.842555,2842.7292,30
2017,50 to < 75',Hand,4433.969847202301,677807552,6.5416352e-06,.000078089615,4.2792990e-07,1.7651682,5.842555,2842.7292,30
2017,50 to < 75',OTH,1300886.699000359,677807552,.0019192568,.012006519,.036835466,1.7651682,5.842555,2842.7292,30
2017,75 and above,Scallop Dredge,329788667.6717231,677807552,.48655206,.35051763,2367.3291,1.7651682,5.842555,2842.7292,30
2017,50 to < 75',Scallop Dredge,110753537.6908462,677807552,.16339968,.29600769,266.99457,1.7651682,5.842555,2842.7292,30
2017,50 to < 75',Longline,2319700.673284531,677807552,.0034223588,.019430187,.11712539,1.7651682,5.842555,2842.7292,30
2017,50 to < 75',Clam Dredge,310483.3744812012,677807552,.00045807011,.0035218666,.0020982823,1.7651682,5.842555,2842.7292,30
2017,Less than 30',Pot,106999.5696971864,677807552,.00015786129,.0013818851,.00024920187,1.7651682,5.842555,2842.7292,30
2017,Less than 30',Gillnet,49812.52114158869,677807552,.000073490657,.00069950998,.000054008768,1.7651682,5.842555,2842.7292,30
2017,50 to < 75',Purse Seine,116415.5461814404,677807552,.0001717531,.0014890053,.00029499127,1.7651682,5.842555,2842.7292,30
2018,30 to < 50,OTH,309686.3830530047,675247040,.0004586268,.0035255898,.0021033855,1.6839797,5.3869519,3090.9109,29
2018,75 and above,Bottom Trawl,67646287.99198854,675247040,.10018006,.23049289,100.36044,1.6839797,5.3869519,3090.9109,29
2018,50 to < 75',OTH,1314982.374987543,675247040,.0019474094,.012154279,.037924033,1.6839797,5.3869519,3090.9109,29
2018,30 to < 50,Clam Dredge,197987.0930633545,675247040,.00029320689,.0023851302,.00085970282,1.6839797,5.3869519,3090.9109,29
2018,30 to < 50,Gillnet,15647862.73812371,675247040,.023173537,.087242439,5.3701282,1.6839797,5.3869519,3090.9109,29
2018,75 and above,Gillnet,14749.10920533538,675247040,.000021842538,.0002344065,4.7709646e-06,1.6839797,5.3869519,3090.9109,29
2018,30 to < 50,Bottom Trawl,12164019.58004509,675247040,.018014178,.07235568,3.245106,1.6839797,5.3869519,3090.9109,29
2018,50 to < 75',Longline,3468266.80063796,675247040,.0051362934,.027075578,.2638151,1.6839797,5.3869519,3090.9109,29
2018,50 to < 75',Purse Seine,277625.0733135343,675247040,.00041114594,.003205525,.0016904098,1.6839797,5.3869519,3090.9109,29
2018,30 to < 50,Hand,1038242.916180223,675247040,.0015375749,.0099597163,.023641367,1.6839797,5.3869519,3090.9109,29
2018,75 and above,Midwater Trawl,5925618.084207535,675247040,.008775482,.041558873,.77009082,1.6839797,5.3869519,3090.9109,29
2018,50 to < 75',Gillnet,638797.2567829192,675247040,.00094602007,.0065873712,.0089495396,1.6839797,5.3869519,3090.9109,29
2018,30 to < 50,Scallop Dredge,13438330.49059728,675247040,.019901354,.077952959,3.9606388,1.6839797,5.3869519,3090.9109,29
2018,50 to < 75',Clam Dredge,323668.9893112183,675247040,.00047933418,.0036636051,.0022976126,1.6839797,5.3869519,3090.9109,29
2018,50 to < 75',Bottom Trawl,54111580.36143359,675247040,.080135979,.20226565,64.217751,1.6839797,5.3869519,3090.9109,29
2018,75 and above,Pot,5964427.475538254,675247040,.0088329557,.041773394,.78021109,1.6839797,5.3869519,3090.9109,29
2018,30 to < 50,Pot,14438727.02544857,675247040,.021382881,.082220696,4.5722761,1.6839797,5.3869519,3090.9109,29
2018,Less than 30',Gillnet,44797.70114196092,675247040,.000066342684,.00063826155,.000044013515,1.6839797,5.3869519,3090.9109,29
2018,50 to < 75',Pot,2498137.203845568,675247040,.00369959,.020715978,.13686965,1.6839797,5.3869519,3090.9109,29
2018,50 to < 75',Hand,6780.286358833313,675247040,.000010041193,.00011556224,1.0082557e-06,1.6839797,5.3869519,3090.9109,29
2018,Less than 30',Longline,50396.56233406067,675247040,.000074634256,.00070924271,.00005570272,1.6839797,5.3869519,3090.9109,29
2018,75 and above,Scallop Dredge,347465467.3896066,675247040,.5145753,.34189072,2647.8774,1.6839797,5.3869519,3090.9109,29
2018,Less than 30',Hand,300599.7024555504,675247040,.00044516998,.003435401,.0019817632,1.6839797,5.3869519,3090.9109,29
2018,50 to < 75',Scallop Dredge,107070543.0490134,675247040,.158565,.29201183,251.42859,1.6839797,5.3869519,3090.9109,29
2018,30 to < 50,Purse Seine,948344.5279846191,675247040,.0014044408,.0092245303,.01972454,1.6839797,5.3869519,3090.9109,29
2018,30 to < 50,Longline,1012495.640513867,675247040,.0014994447,.0097503802,.022483345,1.6839797,5.3869519,3090.9109,29
2018,Less than 30',Pot,62129.6845876947,675247040,.000092010305,.00085510791,.000084658961,1.6839797,5.3869519,3090.9109,29
2018,75 and above,Clam Dredge,18865376.33056545,675247040,.027938481,.099956907,7.8055873,1.6839797,5.3869519,3090.9109,29
2018,75 and above,Hand,1115.211269259453,675247040,1.6515604e-06,.000021988528,2.7276517e-08,1.6839797,5.3869519,3090.9109,29
2019,Less than 30',Gillnet,28459.15107259154,694476416,.000040979292,.00041399099,.000016793023,1.6009371,4.9576764,3209.6521,24
2019,75 and above,Pot,3145544.306640625,694476416,.0045293751,.024445813,.20515239,1.6009371,4.9576764,3209.6521,24
2019,50 to < 75',Pot,3108715.566683799,694476416,.0044763442,.024212316,.20037657,1.6009371,4.9576764,3209.6521,24
2019,30 to < 50,Hand,1099330.415006168,694476416,.0015829629,.010207668,.025057716,1.6009371,4.9576764,3209.6521,24
2019,30 to < 50,Scallop Dredge,13006684.34308031,694476416,.018728763,.074497305,3.5076656,1.6009371,4.9576764,3209.6521,24
2019,75 and above,Scallop Dredge,362522802.317013,694476416,.52200878,.33934271,2724.9316,1.6009371,4.9576764,3209.6521,24
2019,30 to < 50,Purse Seine,1014506.01109314,694476416,.0014608214,.0095373467,.02133999,1.6009371,4.9576764,3209.6521,24
2019,50 to < 75',Bottom Trawl,59184183.67678934,694476416,.085221298,.20985778,72.626694,1.6009371,4.9576764,3209.6521,24
2019,30 to < 50,Gillnet,15068338.80359509,694476416,.021697409,.083113283,4.7077756,1.6009371,4.9576764,3209.6521,24
2019,50 to < 75',Longline,3171266.232015133,694476416,.0045664134,.024608526,.20852131,1.6009371,4.9576764,3209.6521,24
2019,50 to < 75',Purse Seine,519304.784491837,694476416,.00074776448,.0053827246,.0055915173,1.6009371,4.9576764,3209.6521,24
2019,50 to < 75',Clam Dredge,1014441.365753174,694476416,.0014607284,.0095368326,.021337273,1.6009371,4.9576764,3209.6521,24
2019,Less than 30',Pot,26204.66673785448,694476416,.000037732982,.0003843095,.000014237779,1.6009371,4.9576764,3209.6521,24
2019,50 to < 75',Gillnet,601359.3575028181,694476416,.00086591759,.006106209,.007498133,1.6009371,4.9576764,3209.6521,24
2019,75 and above,Hand,8.628182411193848,694476416,1.2424010e-08,2.2616214e-07,1.5435603e-12,1.6009371,4.9576764,3209.6521,24
2019,30 to < 50,Pot,15802043.57392423,694476416,.022753894,.086078413,5.1773973,1.6009371,4.9576764,3209.6521,24
2019,50 to < 75',Scallop Dredge,116766983.7074534,694476416,.16813672,.29978403,282.69955,1.6009371,4.9576764,3209.6521,24
2019,30 to < 50,Bottom Trawl,12258644.49898677,694476416,.017651636,.071258366,3.1158025,1.6009371,4.9576764,3209.6521,24
2019,Less than 30',Hand,363495.5005185269,694476416,.0005234094,.0039544348,.0027395741,1.6009371,4.9576764,3209.6521,24
2019,30 to < 50,Clam Dredge,149236.0025482178,694476416,.00021488995,.0018148283,.00046177692,1.6009371,4.9576764,3209.6521,24
2019,30 to < 50,Longline,929277.5346812606,694476416,.0013380981,.0088535342,.017905064,1.6009371,4.9576764,3209.6521,24
2019,75 and above,Clam Dredge,12035335.0895977,694476416,.017330084,.070278883,3.0033181,1.6009371,4.9576764,3209.6521,24
2019,75 and above,Bottom Trawl,72560657.18845534,694476416,.10448254,.23599841,109.16601,1.6009371,4.9576764,3209.6521,24
2019,30 to < 50,Other Dredge,99600.87389791012,694476416,.00014341866,.0012692182,.00020568911,1.6009371,4.9576764,3209.6521,24
2020,30 to < 50,Scallop Dredge,11584849.79560205,575843456,.020118054,.078583889,4.0473609,1.6193036,5.0495725,3238.5422,26
2020,30 to < 50,Gillnet,12185785.26572587,575843456,.021161629,.081590049,4.4781456,1.6193036,5.0495725,3238.5422,26
2020,Less than 30',Hand,235175.8065772131,575843456,.00040840232,.0031868685,.0016679246,1.6193036,5.0495725,3238.5422,26
2020,Less than 30',Gillnet,13255.74841749668,575843456,.000023019709,.00024583115,5.2990699e-06,1.6193036,5.0495725,3238.5422,26
2020,30 to < 50,Other Dredge,98736.27318549156,575843456,.00017146375,.0014867859,.00029399816,1.6193036,5.0495725,3238.5422,26
2020,50 to < 75',Purse Seine,143862.8908153176,575843456,.00024982987,.0020722714,.00062414963,1.6193036,5.0495725,3238.5422,26
2020,50 to < 75',Scallop Dredge,96759856.89696711,575843456,.16803153,.29970166,282.34595,1.6193036,5.0495725,3238.5422,26
2020,50 to < 75',Clam Dredge,1009724.442498207,575843456,.0017534704,.011127801,.030746585,1.6193036,5.0495725,3238.5422,26
2020,Less than 30',Pot,146713.9585893154,575843456,.00025478099,.0021083397,.00064913352,1.6193036,5.0495725,3238.5422,26
2020,50 to < 75',Longline,2786880.616055965,575843456,.0048396499,.025799751,.23422211,1.6193036,5.0495725,3238.5422,26
2020,30 to < 50,OTH,268081.8859825134,575843456,.00046554647,.0035718116,.0021673352,1.6193036,5.0495725,3238.5422,26
2020,50 to < 75',Gillnet,377892.2347488403,575843456,.00065624126,.0048095803,.0043065259,1.6193036,5.0495725,3238.5422,26
2020,75 and above,OTH,1410215.587158203,575843456,.0024489565,.014723355,.059973877,1.6193036,5.0495725,3238.5422,26
2020,Less than 30',Longline,983.5129241943359,575843456,1.7079519e-06,.00002268197,2.9170998e-08,1.6193036,5.0495725,3238.5422,26
2020,50 to < 75',Pot,2543769.240531594,575843456,.0044174665,.023952337,.19514009,1.6193036,5.0495725,3238.5422,26
2020,50 to < 75',Bottom Trawl,45734128.90582628,575843456,.079421118,.20117298,63.077141,1.6193036,5.0495725,3238.5422,26
2020,75 and above,Pot,5544627.488319397,575843456,.0096287066,.044706147,.92711991,1.6193036,5.0495725,3238.5422,26
2020,30 to < 50,Clam Dredge,52558.55679321289,575843456,.000091272297,.00084898417,.000083306324,1.6193036,5.0495725,3238.5422,26
2020,75 and above,Clam Dredge,12381365.35494041,575843456,.021501269,.082557201,4.6230459,1.6193036,5.0495725,3238.5422,26
2020,75 and above,Bottom Trawl,55604171.71622317,575843456,.096561261,.22571944,93.240768,1.6193036,5.0495725,3238.5422,26
2020,30 to < 50,Purse Seine,754549.4189004898,575843456,.0013103378,.0086973282,.017169852,1.6193036,5.0495725,3238.5422,26
2020,30 to < 50,Bottom Trawl,9868068.182930462,575843456,.017136721,.069687016,2.936672,1.6193036,5.0495725,3238.5422,26
2020,75 and above,Scallop Dredge,303539277.7509972,575843456,.52712119,.33752877,2778.5674,1.6193036,5.0495725,3238.5422,26
2020,30 to < 50,Hand,904012.2693006992,575843456,.0015698924,.0101364,.024645621,1.6193036,5.0495725,3238.5422,26
2020,30 to < 50,Longline,807342.2145580947,575843456,.0014020168,.0092110308,.019656513,1.6193036,5.0495725,3238.5422,26
2020,30 to < 50,Pot,11087549.72266102,575843456,.019254452,.076055333,3.707339,1.6193036,5.0495725,3238.5422,26
2021,50 to < 75',Pot,4629610.292758107,650518656,.0071167988,.035194684,.50648826,1.5502177,4.7124963,3537.1636,27
2021,Less than 30',Bottom Trawl,1029.435979127884,650518656,1.5824850e-06,.000021136482,2.5042587e-08,1.5502177,4.7124963,3537.1636,27
2021,30 to < 50,Hand,764943.2158366442,650518656,.0011758974,.0079322793,.013827347,1.5502177,4.7124963,3537.1636,27
2021,30 to < 50,Longline,703758.3294758648,650518656,.0010818419,.0073879957,.011703818,1.5502177,4.7124963,3537.1636,27
2021,75 and above,Scallop Dredge,361695318.0869964,650518656,.55601066,.32636034,3091.4785,1.5502177,4.7124963,3537.1636,27
2021,50 to < 75',Longline,2453515.089855671,650518656,.0037716292,.021046627,.14225186,1.5502177,4.7124963,3537.1636,27
2021,30 to < 50,Clam Dredge,275902.1337890625,650518656,.0004241264,.0032935448,.001798832,1.5502177,4.7124963,3537.1636,27
2021,30 to < 50,Scallop Dredge,12543504.44277421,650518656,.019282313,.076137505,3.718076,1.5502177,4.7124963,3537.1636,27
2021,50 to < 75',Gillnet,325167.3654586673,650518656,.00049985864,.0037995181,.0024985867,1.5502177,4.7124963,3537.1636,27
2021,50 to < 75',Clam Dredge,194452.3163909912,650518656,.00029891889,.002425828,.00089352508,1.5502177,4.7124963,3537.1636,27
2021,Less than 30',Pot,27385.78898453712,650518656,.000042098392,.0004241624,.000017722747,1.5502177,4.7124963,3537.1636,27
2021,Less than 30',Hand,294866.5569759309,650518656,.00045327918,.0034897975,.0020546201,1.5502177,4.7124963,3537.1636,27
2021,75 and above,OTH,4558407.203424454,650518656,.0070073428,.034762003,.49102852,1.5502177,4.7124963,3537.1636,27
2021,30 to < 50,Gillnet,8938268.725573547,650518656,.013740219,.058910202,1.8879362,1.5502177,4.7124963,3537.1636,27
2021,30 to < 50,Purse Seine,1983266.109985352,650518656,.0030487459,.017661462,.092948519,1.5502177,4.7124963,3537.1636,27
2021,50 to < 75',Purse Seine,210239.9276185036,650518656,.00032318817,.0025975525,.001044506,1.5502177,4.7124963,3537.1636,27
2021,75 and above,Pot,2912550.84979248,650518656,.0044772751,.024216419,.20045993,1.5502177,4.7124963,3537.1636,27
2021,75 and above,Longline,4894.494831085205,650518656,7.5239882e-06,.000088763605,5.6610401e-07,1.5502177,4.7124963,3537.1636,27
2021,30 to < 50,Pot,14649114.28306976,650518656,.02251913,.085423842,5.0711122,1.5502177,4.7124963,3537.1636,27
2021,75 and above,Bottom Trawl,46928201.43715283,650518656,.072139673,.18966611,52.041325,1.5502177,4.7124963,3537.1636,27
2021,50 to < 75',Scallop Dredge,118166546.3612906,650518656,.18164974,.3098354,329.96631,1.5502177,4.7124963,3537.1636,27
2021,30 to < 50,Other Dredge,819381.3705433011,650518656,.0012595817,.0084101958,.01586546,1.5502177,4.7124963,3537.1636,27
2021,30 to < 50,Bottom Trawl,10648912.9012696,650518656,.016369881,.06731806,2.6797302,1.5502177,4.7124963,3537.1636,27
2021,75 and above,Clam Dredge,12524824.64331341,650518656,.019253599,.076052815,3.7070105,1.5502177,4.7124963,3537.1636,27
2021,30 to < 50,OTH,525628.9905376434,650518656,.00080801523,.0057538198,.006528886,1.5502177,4.7124963,3537.1636,27
2021,Less than 30',Gillnet,40689.5656683594,650518656,.000062549421,.00060545048,.000039124301,1.5502177,4.7124963,3537.1636,27
2021,50 to < 75',Bottom Trawl,43698278.89562389,650518656,.067174524,.18140219,45.124168,1.5502177,4.7124963,3537.1636,27
2022,75 and above,Clam Dredge,8579016.379829288,471292608,.018203164,.072924785,3.3135517,1.6809663,5.3707428,3092.5652,26
2022,30 to < 50,Other Dredge,294949.3358005285,471292608,.00062583061,.004616396,.0039166394,1.6809663,5.3707428,3092.5652,26
2022,50 to < 75',Longline,1598148.692429841,471292608,.0033909904,.019283319,.11498816,1.6809663,5.3707428,3092.5652,26
2022,Less than 30',Gillnet,19790.64348855615,471292608,.000041992265,.00042319912,.000017633503,1.6809663,5.3707428,3092.5652,26
2022,50 to < 75',Gillnet,472480.0415186286,471292608,.0010025195,.0069226366,.010050453,1.6809663,5.3707428,3092.5652,26
2022,50 to < 75',Bottom Trawl,44523269.2554957,471292608,.094470546,.22290015,89.246841,1.6809663,5.3707428,3092.5652,26
2022,50 to < 75',Clam Dredge,10907.2099609375,471292608,.00002314318,.00024702592,5.3560680e-06,1.6809663,5.3707428,3092.5652,26
2022,50 to < 75',OTH,16968.6865234375,471292608,.000036004567,.00036839387,.000012963288,1.6809663,5.3707428,3092.5652,26
2022,50 to < 75',Purse Seine,1397550.906529665,471292608,.0029653572,.017260626,.087933429,1.6809663,5.3707428,3092.5652,26
2022,30 to < 50,Longline,646410.1649508476,471292608,.0013715687,.0090411063,.018812006,1.6809663,5.3707428,3092.5652,26
2022,75 and above,Hand,20182.73569202423,471292608,.000042824213,.00043074336,.000018339131,1.6809663,5.3707428,3092.5652,26
2022,75 and above,Scallop Dredge,243656215.4148889,471292608,.51699561,.3410728,2672.8445,1.6809663,5.3707428,3092.5652,26
2022,30 to < 50,Gillnet,7591954.169542783,471292608,.01610879,.066503368,2.5949314,1.6809663,5.3707428,3092.5652,26
2022,75 and above,Gillnet,96407.8127219677,471292608,.00020456042,.0017376686,.00041844966,1.6809663,5.3707428,3092.5652,26
2022,30 to < 50,Purse Seine,21854.21117925644,471292608,.000046370791,.00046272675,.000021502503,1.6809663,5.3707428,3092.5652,26
2022,30 to < 50,Pot,10754113.33456147,471292608,.022818336,.086257666,5.2067647,1.6809663,5.3707428,3092.5652,26
2022,50 to < 75',Pot,2543268.465841532,471292608,.0053963684,.028179992,.29120791,1.6809663,5.3707428,3092.5652,26
2022,75 and above,Pot,5553211.511154175,471292608,.011782938,.052329239,1.3883762,1.6809663,5.3707428,3092.5652,26
2022,30 to < 50,Scallop Dredge,15563525.13702207,471292608,.033023063,.11262678,10.905227,1.6809663,5.3707428,3092.5652,26
2022,30 to < 50,Bottom Trawl,8756204.774110174,471292608,.018579125,.074051127,3.451839,1.6809663,5.3707428,3092.5652,26
2022,75 and above,Bottom Trawl,45608075.08257549,471292608,.096772313,.22600152,93.648804,1.6809663,5.3707428,3092.5652,26
2022,30 to < 50,OTH,4569.876073181629,471292608,9.6964732e-06,.00011193364,9.4021590e-07,1.6809663,5.3707428,3092.5652,26
2022,75 and above,OTH,4765689.212855458,471292608,.010111954,.04645469,1.0225161,1.6809663,5.3707428,3092.5652,26
2022,50 to < 75',Scallop Dredge,68035948.34307119,471292608,.14436032,.27940115,208.39902,1.6809663,5.3707428,3092.5652,26
2022,Less than 30',Hand,217356.8555650711,471292608,.00046119301,.0035427436,.0021269899,1.6809663,5.3707428,3092.5652,26
2022,30 to < 50,Hand,544548.218377322,471292608,.0011554356,.0078145321,.013350314,1.6809663,5.3707428,3092.5652,26
2023,30 to < 50,Other Dredge,72151.55024719238,404426560,.00017840457,.0015398914,.00031828193,1.7983408,6.039618,2645.8459,26
2023,30 to < 50,Hand,634312.9218344539,404426560,.0015684254,.010128395,.024599584,1.7983408,6.039618,2645.8459,26
2023,50 to < 75',Scallop Dredge,51183559.02350493,404426560,.12655835,.26160267,160.17015,1.7983408,6.039618,2645.8459,26
2023,30 to < 50,Purse Seine,149821.1807556152,404426560,.00037045337,.0029268716,.001372357,1.7983408,6.039618,2645.8459,26
2023,75 and above,Scallop Dredge,189305568.5928622,404426560,.46808392,.35532609,2191.0256,1.7983408,6.039618,2645.8459,26
2023,30 to < 50,Bottom Trawl,8707551.496949475,404426560,.021530613,.082640514,4.635673,1.7983408,6.039618,2645.8459,26
2023,30 to < 50,OTH,256834.7401733398,404426560,.00063505903,.0046751727,.0040329997,1.7983408,6.039618,2645.8459,26
2023,75 and above,Bottom Trawl,46638012.99863183,404426560,.11531886,.24909501,132.98441,1.7983408,6.039618,2645.8459,26
2023,75 and above,Hand,4945.5458984375,404426560,.000012228539,.00013832604,1.4953717e-06,1.7983408,6.039618,2645.8459,26
2023,30 to < 50,Pot,20280915.67522396,404426560,.05014734,.15008044,25.147556,1.7983408,6.039618,2645.8459,26
2023,30 to < 50,Longline,631642.7607451528,404426560,.0015618232,.010092348,.024392916,1.7983408,6.039618,2645.8459,26
2023,30 to < 50,Scallop Dredge,7488699.411105156,404426560,.018516833,.073865034,3.428731,1.7983408,6.039618,2645.8459,26
2023,75 and above,Pot,2740044.791381836,404426560,.0067751356,.033838388,.45902464,1.7983408,6.039618,2645.8459,26
2023,Less than 30',Pot,9573.444321155548,404426560,.000023671651,.00025213225,5.6034710e-06,1.7983408,6.039618,2645.8459,26
2023,75 and above,Other Dredge,233376.0144042969,404426560,.0005770541,.0043034242,.0033299143,1.7983408,6.039618,2645.8459,26
2023,75 and above,Gillnet,4389.147466868162,404426560,.000010852767,.00012405896,1.1778257e-06,1.7983408,6.039618,2645.8459,26
2023,50 to < 75',Gillnet,233298.9493538626,404426560,.00057686359,.0043021939,.0033277159,1.7983408,6.039618,2645.8459,26
2023,Less than 30',Gillnet,9001.12493878603,404426560,.000022256512,.00023843125,4.9535233e-06,1.7983408,6.039618,2645.8459,26
2023,30 to < 50,Gillnet,9656681.221761372,404426560,.023877466,.089178041,5.701334,1.7983408,6.039618,2645.8459,26
2023,75 and above,OTH,2507695.752468228,404426560,.0062006209,.031518411,.38447699,1.7983408,6.039618,2645.8459,26
2023,50 to < 75',Longline,2988287.914053202,404426560,.0073889508,.036263268,.54596591,1.7983408,6.039618,2645.8459,26
2023,50 to < 75',Bottom Trawl,40451078.78375846,404426560,.10002083,.23028563,100.04166,1.7983408,6.039618,2645.8459,26
2023,Less than 30',Longline,33756.04777441919,404426560,.000083466446,.00078383891,.000069666479,1.7983408,6.039618,2645.8459,26
2023,Less than 30',Hand,208221.7318074256,404426560,.00051485671,.0038983005,.0026507743,1.7983408,6.039618,2645.8459,26
2023,50 to < 75',Pot,1403767.938540459,404426560,.0034710083,.019657396,.12047899,1.7983408,6.039618,2645.8459,26
2023,75 and above,Clam Dredge,18593377.14038813,404426560,.045974668,.14158656,21.136702,1.7983408,6.039618,2645.8459,26
2024,30 to < 50,Pot,1380047.246838808,391751040,.0035227661,.019898375,.12409881,1.8606379,6.4278359,2461.8752,28
2024,50 to < 75',Purse Seine,757140.4860185385,391751040,.0019327083,.012077171,.037353612,1.8606379,6.4278359,2461.8752,28
2024,30 to < 50,Longline,592956.5482945442,391751040,.0015136056,.009828236,.022910019,1.8606379,6.4278359,2461.8752,28
2024,50 to < 75',Bottom Trawl,37097671.29498579,391751040,.094697058,.22320782,89.675331,1.8606379,6.4278359,2461.8752,28
2024,75 and above,OTH,1796330.373843938,391751040,.0045853877,.024691764,.2102578,1.8606379,6.4278359,2461.8752,28
2024,50 to < 75',Gillnet,168667.7005396672,391751040,.00043054819,.0033369428,.0018537174,1.8606379,6.4278359,2461.8752,28
2024,30 to < 50,Other Dredge,110543.341506958,391751040,.00028217753,.0023062297,.00079624157,1.8606379,6.4278359,2461.8752,28
2024,Less than 30',Gillnet,36702.83614391088,391751040,.000093689188,.00086901669,.000087776643,1.8606379,6.4278359,2461.8752,28
2024,30 to < 50,Gillnet,8646778.483999873,391751040,.022072127,.084170729,4.871788,1.8606379,6.4278359,2461.8752,28
2024,Less than 30',OTH,159695.1543884277,391751040,.00040764449,.0031817122,.0016617402,1.8606379,6.4278359,2461.8752,28
2024,75 and above,Midwater Trawl,1246201.454208374,391751040,.0031811057,.018293032,.10119434,1.8606379,6.4278359,2461.8752,28
2024,50 to < 75',Longline,699579.0614344478,391751040,.0017857746,.011300208,.031889908,1.8606379,6.4278359,2461.8752,28
2024,50 to < 75',OTH,2467346.26564002,391751040,.0062982505,.031916279,.39667961,1.8606379,6.4278359,2461.8752,28
2024,50 to < 75',Clam Dredge,43066.5017209053,391751040,.00010993335,.0010021124,.00012085341,1.8606379,6.4278359,2461.8752,28
2024,50 to < 75',Scallop Dredge,49253315.84247881,391751040,.12572606,.26071182,158.07042,1.8606379,6.4278359,2461.8752,28
2024,30 to < 50,Bottom Trawl,7426715.069194507,391751040,.018957742,.075177737,3.5939596,1.8606379,6.4278359,2461.8752,28
2024,50 to < 75',Other Dredge,389730.0166931152,391751040,.0009948411,.0068772645,.0098970886,1.8606379,6.4278359,2461.8752,28
2024,75 and above,Longline,128227.5202331543,391751040,.00032731891,.0026265953,.0010713766,1.8606379,6.4278359,2461.8752,28
2024,30 to < 50,Scallop Dredge,6796990.473702647,391751040,.017350281,.070340581,3.0103223,1.8606379,6.4278359,2461.8752,28
2024,75 and above,Bottom Trawl,45366731.28413637,391751040,.11580501,.24965793,134.108,1.8606379,6.4278359,2461.8752,28
2024,75 and above,Clam Dredge,13422424.01092815,391751040,.034262639,.11559185,11.739284,1.8606379,6.4278359,2461.8752,28
2024,75 and above,Pot,1256477.619873047,391751040,.0032073371,.018417537,.10287011,1.8606379,6.4278359,2461.8752,28
2024,30 to < 50,Hand,509980.7842213809,391751040,.0013017982,.0086491583,.016946785,1.8606379,6.4278359,2461.8752,28
2024,75 and above,Scallop Dredge,173822166.3286564,391751040,.44370568,.36055249,1968.7473,1.8606379,6.4278359,2461.8752,28
2024,75 and above,Other Dredge,1466367.021057129,391751040,.0037431095,.020915892,.14010869,1.8606379,6.4278359,2461.8752,28
2024,Less than 30',Hand,197733.7531416183,391751040,.00050474342,.0038317398,.0025476592,1.8606379,6.4278359,2461.8752,28
2024,30 to < 50,OTH,36509965.44275293,391751040,.093196854,.22115998,86.856537,1.8606379,6.4278359,2461.8752,28
2024,Less than 30',Longline,1499.890167236328,391751040,3.8286821e-06,.000047755115,1.4658806e-07,1.8606379,6.4278359,2461.8752,28
